0.000000000000000000e+00,0.000000000000000000e+00,0.000000000000000000e+00,0.000000000000000000e+00,0.000000000000000000e+00,0.000000000000000000e+00,0.000000000000000000e+00,0.000000000000000000e+00
6.938766956329345703e+01,-1.000000000000000056e-01,-8.643715000341180010e-01,-8.643715000341180010e-01,-9.999999999999997780e-02,-3.304459240153633237e-01,6.787354680519221972e-01,6.770000000000000284e+01
6.940495038032531738e+01,-1.000000000000000056e-01,-8.632470276667607578e-01,-8.643715000341180010e-01,-1.011244723673572210e-01,-3.375636379594164627e-01,6.788280066335796725e-01,6.770000000000000284e+01
6.942552089691162109e+01,-1.000000000000000056e-01,-8.631006304389193806e-01,-8.643715000341180010e-01,-1.012708695951985982e-01,-3.380360066926880735e-01,6.788846946227866663e-01,6.770000000000000284e+01
6.944291329383850098e+01,-1.000000000000000056e-01,-8.629860651969365470e-01,-8.643715000341180010e-01,-1.013854348371814318e-01,-3.381342187510364972e-01,6.789388611138512664e-01,6.770000000000000284e+01
6.946425271034240723e+01,-1.000000000000000056e-01,-8.625323039421413096e-01,-8.643715000341180010e-01,-1.018391960919766692e-01,-3.421858344402338714e-01,6.790205103171707002e-01,6.770000000000000284e+01
6.948760771751403809e+01,-1.000000000000000056e-01,-8.625134398386274936e-01,-8.643715000341180010e-01,-1.018580601954904852e-01,-3.411491103133547087e-01,6.790675787916501394e-01,6.770000000000000284e+01
6.950297808647155762e+01,-1.000000000000000056e-01,-8.633466898866849482e-01,-8.643715000341180010e-01,-1.010248101474330307e-01,-3.338127100322494933e-01,6.790774785983044737e-01,6.770000000000000284e+01
6.952242588996887207e+01,-1.000000000000000056e-01,-8.638497527132440457e-01,-8.643715000341180010e-01,-1.005217473208739332e-01,-3.263378396949410121e-01,6.790775952506584723e-01,6.770000000000000284e+01
6.954266762733459473e+01,-1.000000000000000056e-01,-8.641949513526313575e-01,-8.643715000341180010e-01,-1.001765486814866213e-01,-3.210775922554368611e-01,6.790923741635286337e-01,6.770000000000000284e+01
6.956682753562927246e+01,-1.000000000000000056e-01,-8.641764196032449830e-01,-8.643715000341180010e-01,-1.001950804308729959e-01,-3.202701938879525256e-01,6.791374601854910376e-01,6.770000000000000284e+01
6.958497214317321777e+01,-1.000000000000000056e-01,-8.643552102752314337e-01,-8.643715000341180010e-01,-1.000162897588865452e-01,-3.172610931506830156e-01,6.791672898792144863e-01,6.770000000000000284e+01
6.960260319709777832e+01,-1.000000000000000056e-01,-8.649195636846011004e-01,-8.643715000341180010e-01,-9.945193634951687844e-02,-3.113087404038720751e-01,6.791789511139586510e-01,6.770000000000000284e+01
6.962535071372985840e+01,-1.000000000000000056e-01,-8.654377710630686282e-01,-8.643715000341180010e-01,-9.893372897104935060e-02,-3.041797460189679669e-01,6.791781589449746859e-01,6.770000000000000284e+01
6.964765691757202148e+01,-1.000000000000000056e-01,-8.659587333071774307e-01,-8.643715000341180010e-01,-9.841276672694054817e-02,-2.973379249086999243e-01,6.791784933937369262e-01,6.770000000000000284e+01
6.966378879547119141e+01,-1.000000000000000056e-01,-8.663810860327310071e-01,-8.643715000341180010e-01,-9.799041400138697178e-02,-2.919316818068977692e-01,6.791881256998826277e-01,6.770000000000000284e+01
6.968863558769226074e+01,-1.000000000000000056e-01,-8.670801995550371233e-01,-8.643715000341180010e-01,-9.729130047908085555e-02,-2.835952927758806918e-01,6.791769292874385577e-01,6.770000000000000284e+01
6.970267748832702637e+01,-1.000000000000000056e-01,-8.676024473757490973e-01,-8.643715000341180010e-01,-9.676905265836888148e-02,-2.780421288217660436e-01,6.791847425143318073e-01,6.770000000000000284e+01
6.972455310821533203e+01,-1.000000000000000056e-01,-8.679486772041826725e-01,-8.643715000341180010e-01,-9.642282282993530629e-02,-2.738367073258805018e-01,6.791995770611882755e-01,6.770000000000000284e+01
6.974447202682495117e+01,-1.000000000000000056e-01,-8.684169303821609454e-01,-8.643715000341180010e-01,-9.595456965195703347e-02,-2.683657342346651431e-01,6.792050334080549367e-01,6.770000000000000284e+01
6.976248693466186523e+01,-1.000000000000000056e-01,-8.688925035056701551e-01,-8.643715000341180010e-01,-9.547899652844782370e-02,-2.630343231071972099e-01,6.792108890454139347e-01,6.770000000000000284e+01
6.978232765197753906e+01,-1.000000000000000056e-01,-8.693740944822281325e-01,-8.643715000341180010e-01,-9.499740555188984636e-02,-2.578401788707828102e-01,6.792169914385206564e-01,6.770000000000000284e+01
6.980540275573730469e+01,-1.000000000000000056e-01,-8.732866172033911800e-01,-8.643715000341180010e-01,-9.108488283072679881e-02,-2.279677618707486586e-01,6.790785706033333202e-01,6.770000000000000284e+01
6.982427191734313965e+01,-1.000000000000000056e-01,-8.740109471358789017e-01,-8.643715000341180010e-01,-9.036055289823907710e-02,-2.214328298591185795e-01,6.790722988233549584e-01,6.770000000000000284e+01
6.984317255020141602e+01,-1.000000000000000056e-01,-8.748883818538428780e-01,-8.643715000341180010e-01,-8.948311818027510078e-02,-2.126304543696606042e-01,6.790472482886953376e-01,6.770000000000000284e+01
6.986245846748352051e+01,-1.000000000000000056e-01,-8.758252070827723390e-01,-8.643715000341180010e-01,-8.854629295134563982e-02,-2.034858093957966074e-01,6.790187774431469814e-01,6.770000000000000284e+01
6.988428187370300293e+01,-1.000000000000000056e-01,-8.764891541627338745e-01,-8.643715000341180010e-01,-8.788234587138410436e-02,-1.977887584541932198e-01,6.790129673416721579e-01,6.770000000000000284e+01
6.991142058372497559e+01,-1.000000000000000056e-01,-8.853341823790975562e-01,-8.643715000341180010e-01,-7.903731765502042261e-02,-1.338205441726840472e-01,6.786709256707261773e-01,6.770000000000000284e+01
6.992534351348876953e+01,-1.000000000000000056e-01,-8.861013163189130903e-01,-8.643715000341180010e-01,-7.827018371520488849e-02,-1.285263874363430925e-01,6.786574535912993644e-01,6.770000000000000284e+01
6.994341707229614258e+01,-1.000000000000000056e-01,-8.868941546952018307e-01,-8.643715000341180010e-01,-7.747734533891614817e-02,-1.230989022218479945e-01,6.786423312923222095e-01,6.770000000000000284e+01
6.996402120590209961e+01,-1.000000000000000056e-01,-8.880184153439676376e-01,-8.643715000341180010e-01,-7.635308469015034127e-02,-1.139963676289843242e-01,6.786009925580868130e-01,6.770000000000000284e+01
6.998353219032287598e+01,-1.000000000000000056e-01,-8.889742938573518272e-01,-8.643715000341180010e-01,-7.539720617676615166e-02,-1.071156644341801772e-01,6.785737695403696312e-01,6.770000000000000284e+01
7.000339221954345703e+01,-1.000000000000000056e-01,-9.035645302809169888e-01,-8.643715000341180010e-01,-6.080696975320099007e-02,-2.342542387523328939e-03,6.779798781274108954e-01,6.770000000000000284e+01
7.002375602722167969e+01,-1.000000000000000056e-01,-9.050057702030745999e-01,-8.643715000341180010e-01,-5.936572983104337897e-02,8.038397241909904511e-03,6.779108836750983302e-01,6.770000000000000284e+01
7.004457092285156250e+01,-1.000000000000000056e-01,-9.064618929936067993e-01,-8.643715000341180010e-01,-5.790960704051117958e-02,1.826916704402684055e-02,6.778415429083480825e-01,6.770000000000000284e+01
7.006293940544128418e+01,-1.000000000000000056e-01,-9.077235979491091733e-01,-8.643715000341180010e-01,-5.664790208500880553e-02,2.594670060860133909e-02,6.777884886877728610e-01,6.770000000000000284e+01
7.008292508125305176e+01,-1.000000000000000056e-01,-9.091203120660317216e-01,-8.643715000341180010e-01,-5.525118796808625721e-02,3.497390307521755504e-02,6.777250030765205047e-01,6.770000000000000284e+01
7.010275244712829590e+01,-1.000000000000000056e-01,-9.282961082620928561e-01,-8.643715000341180010e-01,-3.607539177202512271e-02,1.699904324600145789e-01,6.769371908160145557e-01,6.770000000000000284e+01
7.012558913230895996e+01,-1.000000000000000056e-01,-9.302459046360836981e-01,-8.643715000341180010e-01,-3.412559539803428077e-02,1.811939531955727434e-01,6.768388378531219329e-01,6.770000000000000284e+01
7.014545655250549316e+01,-1.000000000000000056e-01,-9.314362265934413854e-01,-8.643715000341180010e-01,-3.293527344067659346e-02,1.892397746324185615e-01,6.767510896798512032e-01,6.770000000000000284e+01
7.016290664672851562e+01,-1.000000000000000056e-01,-9.346516403989361121e-01,-8.643715000341180010e-01,-2.971985963518186669e-02,2.085691148874816436e-01,6.766033400976425582e-01,6.770000000000000284e+01
7.018571329116821289e+01,-1.000000000000000056e-01,-9.371278145322755604e-01,-8.643715000341180010e-01,-2.724368550184241844e-02,2.247863837118631025e-01,6.764649048273401188e-01,6.770000000000000284e+01
7.020579862594604492e+01,-1.000000000000000056e-01,-9.591464744445169499e-01,-8.643715000341180010e-01,-5.225025589601028919e-03,3.797641132321525892e-01,6.755273252545310747e-01,6.770000000000000284e+01
7.022710728645324707e+01,-1.000000000000000056e-01,-9.619244482782628447e-01,-8.643715000341180010e-01,-2.447051755855134125e-03,3.956838851466801255e-01,6.753651385847904143e-01,6.770000000000000284e+01
7.024329543113708496e+01,-1.000000000000000056e-01,-9.646445355703304747e-01,-8.643715000341180010e-01,2.730355362124958774e-04,4.104917268903817140e-01,6.752084547922387880e-01,6.770000000000000284e+01
7.026618647575378418e+01,-1.000000000000000056e-01,-9.674935681058010051e-01,-8.643715000341180010e-01,3.122068071683026247e-03,4.264346059525860322e-01,6.750417663487110476e-01,6.770000000000000284e+01
7.028553128242492676e+01,-1.000000000000000056e-01,-9.702496766973881526e-01,-8.643715000341180010e-01,5.878176663270173741e-03,4.409259782005855999e-01,6.748828131896149607e-01,6.770000000000000284e+01
7.030278348922729492e+01,-1.000000000000000056e-01,-9.965791107496583257e-01,-8.643715000341180010e-01,3.220761071554034682e-02,6.238326881201665675e-01,6.737507621781294587e-01,6.770000000000000284e+01
7.032628583908081055e+01,-1.000000000000000056e-01,-9.982878154034624529e-01,-8.643715000341180010e-01,3.391631536934447411e-02,6.322585853522032506e-01,6.735891968049125822e-01,6.770000000000000284e+01
7.034322404861450195e+01,-1.000000000000000056e-01,-1.004127353803596634e+00,-8.643715000341180010e-01,3.975585376947865512e-02,6.653844049194438393e-01,6.732886352711691114e-01,6.770000000000000284e+01
7.036539196968078613e+01,-1.000000000000000056e-01,-1.008113148401338588e+00,-8.643715000341180010e-01,4.374164836722060912e-02,6.878187217060824921e-01,6.730406824630427165e-01,6.770000000000000284e+01
7.038656997680664062e+01,-1.000000000000000056e-01,-1.011822909267675596e+00,-8.643715000341180010e-01,4.745140923355761764e-02,7.065307245503590350e-01,6.728152664110769177e-01,6.770000000000000284e+01
7.040777063369750977e+01,-1.000000000000000056e-01,-1.045276443939970434e+00,-8.643715000341180010e-01,8.090494390585245554e-02,9.385133513606579436e-01,6.713553117688333405e-01,6.770000000000000284e+01
7.042273163795471191e+01,-1.000000000000000056e-01,-1.049797789108546819e+00,-8.643715000341180010e-01,8.542628907442884056e-02,9.602697427039198486e-01,6.710726004040626913e-01,6.770000000000000284e+01
7.044731068611145020e+01,-1.000000000000000056e-01,-1.054516370221162180e+00,-8.643715000341180010e-01,9.014487018704420151e-02,9.838898193334401077e-01,6.707736658094799465e-01,6.770000000000000284e+01
7.046705317497253418e+01,-1.000000000000000056e-01,-1.059438951846745525e+00,-8.643715000341180010e-01,9.506745181262754585e-02,1.009345671428602209e+00,6.704585550741941624e-01,6.770000000000000284e+01
7.048352313041687012e+01,-1.000000000000000056e-01,-1.064279265780090133e+00,-8.643715000341180010e-01,9.990776574597215465e-02,1.033277171709243270e+00,6.701502921205662044e-01,6.770000000000000284e+01
7.050596475601196289e+01,-1.000000000000000056e-01,-1.099680399246327100e+00,-8.643715000341180010e-01,1.324184869517703866e-01,1.261559224579276384e+00,6.686496121202704090e-01,6.770000000000000284e+01
7.052256536483764648e+01,-1.000000000000000056e-01,-1.105571079889765995e+00,-8.643715000341180010e-01,1.411995798556480164e-01,1.305124990889283465e+00,6.681958068038088561e-01,6.770000000000000284e+01
7.054334521293640137e+01,-1.000000000000000056e-01,-1.111617802481812856e+00,-8.643715000341180010e-01,1.472463024476948767e-01,1.335551387805002488e+00,6.678000000265190694e-01,6.770000000000000284e+01
7.056229805946350098e+01,-1.000000000000000056e-01,-1.117623673628798553e+00,-8.643715000341180010e-01,1.532521735946805741e-01,1.364791714133836820e+00,6.674080427780673119e-01,6.770000000000000284e+01
7.058256578445434570e+01,-1.000000000000000056e-01,-1.121626007091237165e+00,-8.643715000341180010e-01,1.572545070571191861e-01,1.370579782498693611e+00,6.671735758850934062e-01,6.770000000000000284e+01
7.060239624977111816e+01,-1.000000000000000056e-01,-1.159110967824846128e+00,-8.643715000341180010e-01,1.947394677907281491e-01,1.628700981193873298e+00,6.654443458279333257e-01,6.770000000000000284e+01
7.062444186210632324e+01,-1.000000000000000056e-01,-1.163482258481604026e+00,-8.643715000341180010e-01,1.991107584474860470e-01,1.630606620517240479e+00,6.652015776093146426e-01,6.770000000000000284e+01
7.064250946044921875e+01,-1.000000000000000056e-01,-1.167194776654758348e+00,-8.643715000341180010e-01,2.028232766206403692e-01,1.625351220069617186e+00,6.650078534144862052e-01,6.770000000000000284e+01
7.066254234313964844e+01,-1.000000000000000056e-01,-1.172433116988174762e+00,-8.643715000341180010e-01,2.080616169540567828e-01,1.638718155070916671e+00,6.646838458360090351e-01,6.770000000000000284e+01
7.068244934082031250e+01,-1.000000000000000056e-01,-1.182896873760959533e+00,-8.643715000341180010e-01,2.185253737268415541e-01,1.711701013935271298e+00,6.639454873575578731e-01,6.770000000000000284e+01
7.070310235023498535e+01,-1.000000000000000056e-01,-1.207311179639034115e+00,-8.643715000341180010e-01,2.429396796049161367e-01,1.860110701560144353e+00,6.628338570367030558e-01,6.770000000000000284e+01
7.072460174560546875e+01,-1.000000000000000056e-01,-1.216828562132178160e+00,-8.643715000341180010e-01,2.524570620980601809e-01,1.918025621771541012e+00,6.621661380906010974e-01,6.770000000000000284e+01
7.074267482757568359e+01,-1.000000000000000056e-01,-1.224747164011267486e+00,-8.643715000341180010e-01,2.603756639771495074e-01,1.955255849706400095e+00,6.616350050769246316e-01,6.770000000000000284e+01
7.076469421386718750e+01,-1.000000000000000056e-01,-1.231149380079666456e+00,-8.643715000341180010e-01,2.667778800455484767e-01,1.974092301870008948e+00,6.612259732086596120e-01,6.770000000000000284e+01
7.078267502784729004e+01,-1.000000000000000056e-01,-1.239641392110828244e+00,-8.643715000341180010e-01,2.752698920767102653e-01,2.016691043686768658e+00,6.606496596374014096e-01,6.770000000000000284e+01
7.080470108985900879e+01,-1.000000000000000056e-01,-1.247553756899261179e+00,-8.643715000341180010e-01,2.831822568651432004e-01,2.041991425974945429e+00,6.602053279961981325e-01,6.770000000000000284e+01
7.082482385635375977e+01,-1.000000000000000056e-01,-1.256197633296439742e+00,-8.643715000341180010e-01,2.918261332623217630e-01,2.085508040547122022e+00,6.596117658848471565e-01,6.770000000000000284e+01
7.084563088417053223e+01,-1.000000000000000056e-01,-1.266362164369831067e+00,-8.643715000341180010e-01,3.019906643357130882e-01,2.146006412698770127e+00,6.588933403845325110e-01,6.770000000000000284e+01
7.086546683311462402e+01,-1.000000000000000056e-01,-1.275641682660681786e+00,-8.643715000341180010e-01,3.112701826265638072e-01,2.194531194159870857e+00,6.582502112400544503e-01,6.770000000000000284e+01
7.088433766365051270e+01,-1.000000000000000056e-01,-1.284845261297310914e+00,-8.643715000341180010e-01,3.204737612631929355e-01,2.241049485325508073e+00,6.576140052233957478e-01,6.770000000000000284e+01
7.090248274803161621e+01,-1.000000000000000056e-01,-1.283174556427057578e+00,-8.643715000341180010e-01,3.188030563929395989e-01,2.210752555310540490e+00,6.574090614983874037e-01,6.770000000000000284e+01
7.092416357994079590e+01,-1.000000000000000056e-01,-1.292170242216228671e+00,-8.643715000341180010e-01,3.277987421821106917e-01,2.255539621607040246e+00,6.567812803483884521e-01,6.770000000000000284e+01
7.094633626937866211e+01,-1.000000000000000056e-01,-1.300464836463204543e+00,-8.643715000341180010e-01,3.360933364290865644e-01,2.290970876056791283e+00,6.562123773535710747e-01,6.770000000000000284e+01
7.096328496932983398e+01,-1.000000000000000056e-01,-1.309465082809383230e+00,-8.643715000341180010e-01,3.450935827752652507e-01,2.333981262685864699e+00,6.555855314306814341e-01,6.770000000000000284e+01
7.098245048522949219e+01,-1.000000000000000056e-01,-1.316872483325916221e+00,-8.643715000341180010e-01,3.525009832917982422e-01,2.357975532062132284e+00,6.550836469486803759e-01,6.770000000000000284e+01
7.100712561607360840e+01,-1.000000000000000056e-01,-1.308921414455761267e+00,-8.643715000341180010e-01,3.445499144216432885e-01,2.279414477800301597e+00,6.551462138608843411e-01,6.770000000000000284e+01
7.102431511878967285e+01,-1.000000000000000056e-01,-1.317493985103975973e+00,-8.643715000341180010e-01,3.531224850698579942e-01,2.318929442479071845e+00,6.545441991291669481e-01,6.770000000000000284e+01
7.104751873016357422e+01,-1.000000000000000056e-01,-1.325258958221815275e+00,-8.643715000341180010e-01,3.608874581876972965e-01,2.348076388164363593e+00,6.540086979334189810e-01,6.770000000000000284e+01
7.106235241889953613e+01,-1.000000000000000056e-01,-1.330361918116985898e+00,-8.643715000341180010e-01,3.659904180828679188e-01,2.346001298629656340e+00,6.536850019038912274e-01,6.770000000000000284e+01
7.108312964439392090e+01,-1.000000000000000056e-01,-1.337711319656696984e+00,-8.643715000341180010e-01,3.733398196225790056e-01,2.370395746873540155e+00,6.531779044135472834e-01,6.770000000000000284e+01
7.110408449172973633e+01,-1.000000000000000056e-01,-1.325176110806459029e+00,-8.643715000341180010e-01,3.608046107723410501e-01,2.252965296996549682e+00,6.534824851990270744e-01,6.770000000000000284e+01
7.113080286979675293e+01,-1.000000000000000056e-01,-1.333179476679373865e+00,-8.643715000341180010e-01,3.688079766452558861e-01,2.287008125164298633e+00,6.529231827810748623e-01,6.770000000000000284e+01
7.114257144927978516e+01,-1.000000000000000056e-01,-1.341379834148043848e+00,-8.643715000341180010e-01,3.770083341139258692e-01,2.322776086948253216e+00,6.523468425385324787e-01,6.770000000000000284e+01
7.116240239143371582e+01,-1.000000000000000056e-01,-1.350183285722861504e+00,-8.643715000341180010e-01,3.858117856887435249e-01,2.364887752296439327e+00,6.517211760863662606e-01,6.770000000000000284e+01
7.118463540077209473e+01,-1.000000000000000056e-01,-1.358481336244043769e+00,-8.643715000341180010e-01,3.941098362099257901e-01,2.400372861673168767e+00,6.511353253673290986e-01,6.770000000000000284e+01
7.120493865013122559e+01,-1.000000000000000056e-01,-1.341339756197605260e+00,-8.643715000341180010e-01,3.769682561634872808e-01,2.250421389653056714e+00,6.516225607648082896e-01,6.770000000000000284e+01
7.122265815734863281e+01,-1.000000000000000056e-01,-1.348373449694544313e+00,-8.643715000341180010e-01,3.840019496604263338e-01,2.275583651532359752e+00,6.511230872674113046e-01,6.770000000000000284e+01
7.124635314941406250e+01,-1.000000000000000056e-01,-1.355830600819051046e+00,-8.643715000341180010e-01,3.877767649425092333e-01,2.290978275855886093e+00,6.506596547922941509e-01,6.770000000000000284e+01
7.126460456848144531e+01,-1.000000000000000056e-01,-1.363331015769915000e+00,-8.643715000341180010e-01,3.989595157357970212e-01,2.335588627793740102e+00,6.500462405755875750e-01,6.770000000000000284e+01
7.128320407867431641e+01,-1.000000000000000056e-01,-1.370477205414155852e+00,-8.643715000341180010e-01,4.061057053800378736e-01,2.361209287450122041e+00,6.495300155462883085e-01,6.770000000000000284e+01
7.130250215530395508e+01,-1.000000000000000056e-01,-1.350510046323644353e+00,-8.643715000341180010e-01,3.861385462895263743e-01,2.193215393139985814e+00,6.501242775729265677e-01,6.770000000000000284e+01
7.132254171371459961e+01,-1.000000000000000056e-01,-1.357334225200555355e+00,-8.643715000341180010e-01,3.929627251664373766e-01,2.218978197062367208e+00,6.496281202084388529e-01,6.770000000000000284e+01
7.134548187255859375e+01,-1.000000000000000056e-01,-1.364184499773052339e+00,-8.643715000341180010e-01,3.998129997389343604e-01,2.244753142761848341e+00,6.491279086253191055e-01,6.770000000000000284e+01
7.136253428459167480e+01,-1.000000000000000056e-01,-1.370814167758676039e+00,-8.643715000341180010e-01,4.064426677245580599e-01,2.267684192633111717e+00,6.486434322152283549e-01,6.770000000000000284e+01
7.138669157028198242e+01,-1.000000000000000056e-01,-1.377793406043493540e+00,-8.643715000341180010e-01,4.134219060093755616e-01,2.294431054832193784e+00,6.481289846496315343e-01,6.770000000000000284e+01
7.140460920333862305e+01,-1.000000000000000056e-01,-1.353337686242165772e+00,-8.643715000341180010e-01,3.889661862080477928e-01,2.096710572036860398e+00,6.489024309420767800e-01,6.770000000000000284e+01
7.142951560020446777e+01,-1.000000000000000056e-01,-1.359416792636257032e+00,-8.643715000341180010e-01,3.950452926021390532e-01,2.118242381270265096e+00,6.484482074731487966e-01,6.770000000000000284e+01
7.144567966461181641e+01,-1.000000000000000056e-01,-1.365215821510488370e+00,-8.643715000341180010e-01,4.008443214763703910e-01,2.136288340050124912e+00,6.480148874275086790e-01,6.770000000000000284e+01
7.146524643898010254e+01,-1.000000000000000056e-01,-1.371192950699707147e+00,-8.643715000341180010e-01,4.068214506655891682e-01,2.156376723771062043e+00,6.475644258081831861e-01,6.770000000000000284e+01
7.149094104766845703e+01,-1.000000000000000056e-01,-1.377377008415222592e+00,-8.643715000341180010e-01,4.130055083811046135e-01,2.178728560901377342e+00,6.470951058559534230e-01,6.770000000000000284e+01
7.150247788429260254e+01,-1.000000000000000056e-01,-1.354622417477951979e+00,-8.643715000341180010e-01,3.902509174438340001e-01,1.994280825460484019e+00,6.478132945444916579e-01,6.770000000000000284e+01
7.152924442291259766e+01,-1.000000000000000056e-01,-1.360024960218474410e+00,-8.643715000341180010e-01,3.956534601843564314e-01,2.011626711428589509e+00,6.474032485462390962e-01,6.770000000000000284e+01
7.154254841804504395e+01,-1.000000000000000056e-01,-1.365397059284333192e+00,-8.643715000341180010e-01,4.010255592502152133e-01,2.028541482784656402e+00,6.469934785148099277e-01,6.770000000000000284e+01
7.156247377395629883e+01,-1.000000000000000056e-01,-1.370842393259973369e+00,-8.643715000341180010e-01,4.064708932258553897e-01,2.046252170013003635e+00,6.465754449337817178e-01,6.770000000000000284e+01
7.158245277404785156e+01,-1.000000000000000056e-01,-1.376488848268444753e+00,-8.643715000341180010e-01,4.121173482343267747e-01,2.066170083639949695e+00,6.461393780473835280e-01,6.770000000000000284e+01
7.160324788093566895e+01,-1.000000000000000056e-01,-1.351075687019222871e+00,-8.643715000341180010e-01,3.867041869851048919e-01,1.865017787783580072e+00,6.469707991778068656e-01,6.770000000000000284e+01
7.162444496154785156e+01,-1.000000000000000056e-01,-1.355955327255637277e+00,-8.643715000341180010e-01,3.915838272215192983e-01,1.881626817086237136e+00,6.465830446381430896e-01,6.770000000000000284e+01
7.164244055747985840e+01,-1.000000000000000056e-01,-1.360708232597859890e+00,-8.643715000341180010e-01,3.963367325637419114e-01,1.896624000988738068e+00,6.462039773776175888e-01,6.770000000000000284e+01
7.166240239143371582e+01,-1.000000000000000056e-01,-1.365429082901133295e+00,-8.643715000341180010e-01,4.010575828670153165e-01,1.911207013109283093e+00,6.458254175363600247e-01,6.770000000000000284e+01
7.168485426902770996e+01,-1.000000000000000056e-01,-1.369956484522207418e+00,-8.643715000341180010e-01,4.055849844880894395e-01,1.923569966620561900e+00,6.454598720123831956e-01,6.770000000000000284e+01
7.170928812026977539e+01,-1.000000000000000056e-01,-1.345035560218889259e+00,-8.643715000341180010e-01,3.806640601847712801e-01,1.726223935744130689e+00,6.462982348296952839e-01,6.770000000000000284e+01
7.172283172607421875e+01,-1.000000000000000056e-01,-1.348757316092112912e+00,-8.643715000341180010e-01,3.843858160579949335e-01,1.734922482882066408e+00,6.459839070752140255e-01,6.770000000000000284e+01
7.174250864982604980e+01,-1.000000000000000056e-01,-1.352357834320727203e+00,-8.643715000341180010e-01,3.879863342866092246e-01,1.742343597306069913e+00,6.456769446295420600e-01,6.770000000000000284e+01
7.176268458366394043e+01,-1.000000000000000056e-01,-1.356047676775998356e+00,-8.643715000341180010e-01,3.916761767418803775e-01,1.751010554491447380e+00,6.453599442618350723e-01,6.770000000000000284e+01
7.178605437278747559e+01,-1.000000000000000056e-01,-1.359929524006091350e+00,-8.643715000341180010e-01,3.955580239719733715e-01,1.762012984340268762e+00,6.450253069969817954e-01,6.770000000000000284e+01
7.180304169654846191e+01,-1.000000000000000056e-01,-1.339242858097234201e+00,-8.643715000341180010e-01,3.748713580631162223e-01,1.598088301051379556e+00,6.456947831469317389e-01,6.770000000000000284e+01
7.182246375083923340e+01,-1.000000000000000056e-01,-1.342526394553940738e+00,-8.643715000341180010e-01,3.781548945198227596e-01,1.606339778730753398e+00,6.454016930329277146e-01,6.770000000000000284e+01
7.184251236915588379e+01,-1.000000000000000056e-01,-1.345815527097034447e+00,-8.643715000341180010e-01,3.814440270629164687e-01,1.614751665107544865e+00,6.451061378653228928e-01,6.770000000000000284e+01
7.186484241485595703e+01,-1.000000000000000056e-01,-1.348878954094193672e+00,-8.643715000341180010e-01,3.845074540600756929e-01,1.620630530957508197e+00,6.448267915661456406e-01,6.770000000000000284e+01
7.188240599632263184e+01,-1.000000000000000056e-01,-1.352056064199824270e+00,-8.643715000341180010e-01,3.876845641657062913e-01,1.627984849607477802e+00,6.445361706520275069e-01,6.770000000000000284e+01
7.190439319610595703e+01,-1.000000000000000056e-01,-1.331949819148989800e+00,-8.643715000341180010e-01,3.675783191148718210e-01,1.468790635386804988e+00,6.452045461502028401e-01,6.770000000000000284e+01
7.192566442489624023e+01,-1.000000000000000056e-01,-1.334393918396435064e+00,-8.643715000341180010e-01,3.700224183623170848e-01,1.472278144475042794e+00,6.449621006933979883e-01,6.770000000000000284e+01
7.194351530075073242e+01,-1.000000000000000056e-01,-1.337021238134358025e+00,-8.643715000341180010e-01,3.726497381002400466e-01,1.478163889949920762e+00,6.447022356455346381e-01,6.770000000000000284e+01
7.196485090255737305e+01,-1.000000000000000056e-01,-1.339685358438805318e+00,-8.643715000341180010e-01,3.753138584046873394e-01,1.484599317767000271e+00,6.444375424778850947e-01,6.770000000000000284e+01
7.198693609237670898e+01,-1.000000000000000056e-01,-1.342294989251761494e+00,-8.643715000341180010e-01,3.779234892176435157e-01,1.490509426795525449e+00,6.441754898407364704e-01,6.770000000000000284e+01
7.200254964828491211e+01,-1.000000000000000056e-01,-1.323965978992991399e+00,-8.643715000341180010e-01,3.595944789588734203e-01,1.346475930409354316e+00,6.447774891620308146e-01,6.770000000000000284e+01
7.202750468254089355e+01,-1.000000000000000056e-01,-1.325614568468075571e+00,-8.643715000341180010e-01,3.603654206403579252e-01,1.345635749769540146e+00,6.445808189704458346e-01,6.770000000000000284e+01
7.204694652557373047e+01,-1.000000000000000056e-01,-1.327149963972879654e+00,-8.643715000341180010e-01,3.627784639387616750e-01,1.344095743172317725e+00,6.443894452481561119e-01,6.770000000000000284e+01
7.206241846084594727e+01,-1.000000000000000056e-01,-1.328954210701366101e+00,-8.643715000341180010e-01,3.645827106672481221e-01,1.345906439391646892e+00,6.441745168245244235e-01,6.770000000000000284e+01
7.208243870735168457e+01,-1.000000000000000056e-01,-1.330440305894489139e+00,-8.643715000341180010e-01,3.660688058603711603e-01,1.344327077950735916e+00,6.439825351282949528e-01,6.770000000000000284e+01
7.210314154624938965e+01,-1.000000000000000056e-01,-1.314844652805240655e+00,-8.643715000341180010e-01,3.504731527711226757e-01,1.222395840818643276e+00,6.444793442456926424e-01,6.770000000000000284e+01
7.212310194969177246e+01,-1.000000000000000056e-01,-1.316021138417248437e+00,-8.643715000341180010e-01,3.516496383831304584e-01,1.220502158140218452e+00,6.443079049227888877e-01,6.770000000000000284e+01
7.214276766777038574e+01,-1.000000000000000056e-01,-1.317367763939231384e+00,-8.643715000341180010e-01,3.529962639051134055e-01,1.220945637645861170e+00,6.441202830239387556e-01,6.770000000000000284e+01
7.216659998893737793e+01,-1.000000000000000056e-01,-1.318512471755932669e+00,-8.643715000341180010e-01,3.541409717218146902e-01,1.219257137985362727e+00,6.439472996238090330e-01,6.770000000000000284e+01
7.218294978141784668e+01,-1.000000000000000056e-01,-1.319629259374259345e+00,-8.643715000341180010e-01,3.552577593401413658e-01,1.217540694658964195e+00,6.437745929146158064e-01,6.770000000000000284e+01
7.220236277580261230e+01,-1.000000000000000056e-01,-1.303757638590834267e+00,-8.643715000341180010e-01,3.393861385567162881e-01,1.095849085926280608e+00,6.442894062835820002e-01,6.770000000000000284e+01
7.222838735580444336e+01,-1.000000000000000056e-01,-1.304306132412488939e+00,-8.643715000341180010e-01,3.399346323783709600e-01,1.090978730427789145e+00,6.441565604225162334e-01,6.770000000000000284e+01
7.224245500564575195e+01,-1.000000000000000056e-01,-1.304903125687836507e+00,-8.643715000341180010e-01,3.405316256537185282e-01,1.087053287759107256e+00,6.440176899431648838e-01,6.770000000000000284e+01
7.226244902610778809e+01,-1.000000000000000056e-01,-1.305546977834713296e+00,-8.643715000341180010e-01,3.411754778005953170e-01,1.083990681524418909e+00,6.438732933566186922e-01,6.770000000000000284e+01
7.228457164764404297e+01,-1.000000000000000056e-01,-1.306078451561886622e+00,-8.643715000341180010e-01,3.417069515277686431e-01,1.079920212507862631e+00,6.437362165252428214e-01,6.770000000000000284e+01
7.230593061447143555e+01,-1.000000000000000056e-01,-1.292804833352401817e+00,-8.643715000341180010e-01,3.284333333182838377e-01,9.779049686593654922e-01,6.441623161386104135e-01,6.770000000000000284e+01
7.232729434967041016e+01,-1.000000000000000056e-01,-1.292868192136392036e+00,-8.643715000341180010e-01,3.284966921022740571e-01,9.717658892712470742e-01,6.440542921424250444e-01,6.770000000000000284e+01
7.234256172180175781e+01,-1.000000000000000056e-01,-1.293041063749624797e+00,-8.643715000341180010e-01,3.286695637155068184e-01,9.672883044405544695e-01,6.439354741780074498e-01,6.770000000000000284e+01
7.236539626121520996e+01,-1.000000000000000056e-01,-1.292960817821418029e+00,-8.643715000341180010e-01,3.285893177873000504e-01,9.601562562951775348e-01,6.438356635185945587e-01,6.770000000000000284e+01
7.238262224197387695e+01,-1.000000000000000056e-01,-1.293003608855372910e+00,-8.643715000341180010e-01,3.286321088212549313e-01,9.547994369051833186e-01,6.437245276794894000e-01,6.770000000000000284e+01
7.240236186981201172e+01,-1.000000000000000056e-01,-1.285318044935381820e+00,-8.643715000341180010e-01,3.209465449012638416e-01,8.945395434668870216e-01,6.439299760116397042e-01,6.770000000000000284e+01
7.242413258552551270e+01,-1.000000000000000056e-01,-1.284988755113608772e+00,-8.643715000341180010e-01,3.206172550794907927e-01,8.875964695947493599e-01,6.438378656408763057e-01,6.770000000000000284e+01
7.244265437126159668e+01,-1.000000000000000056e-01,-1.284445986239115323e+00,-8.643715000341180010e-01,3.200744862049973438e-01,8.784888753081256940e-01,6.437617587111309492e-01,6.770000000000000284e+01
7.246239423751831055e+01,-1.000000000000000056e-01,-1.284149614347523061e+00,-8.643715000341180010e-01,3.197781143134050819e-01,8.726798513569781202e-01,6.436638928282727434e-01,6.770000000000000284e+01
7.248477292060852051e+01,-1.000000000000000056e-01,-1.283823508884691655e+00,-8.643715000341180010e-01,3.194520088505736766e-01,8.679685307143216733e-01,6.435677513892030799e-01,6.770000000000000284e+01
7.250949144363403320e+01,-1.000000000000000056e-01,-1.276462456100915910e+00,-8.643715000341180010e-01,3.120909560667979310e-01,8.080351647445235264e-01,6.437848850621008534e-01,6.770000000000000284e+01
7.253549551963806152e+01,-1.000000000000000056e-01,-1.275831595989768807e+00,-8.643715000341180010e-01,3.114600959556508286e-01,8.004570785819440371e-01,6.437096416782358554e-01,6.770000000000000284e+01
7.254473638534545898e+01,-1.000000000000000056e-01,-1.275235228861218317e+00,-8.643715000341180010e-01,3.108637288271003385e-01,7.936175202590450839e-01,6.436303228916606667e-01,6.770000000000000284e+01
7.256742334365844727e+01,-1.000000000000000056e-01,-1.274505951342158605e+00,-8.643715000341180010e-01,3.101344513080406262e-01,7.855228282382434868e-01,6.435606985656485701e-01,6.770000000000000284e+01
7.258273673057556152e+01,-1.000000000000000056e-01,-1.273916149808553611e+00,-8.643715000341180010e-01,3.095446497744356318e-01,7.793403142394218497e-01,6.434789702422237800e-01,6.770000000000000284e+01
7.260261130332946777e+01,-1.000000000000000056e-01,-1.268553416454950566e+00,-8.643715000341180010e-01,3.041819164208325876e-01,7.381662050330143332e-01,6.436029857299437884e-01,6.770000000000000284e+01
7.262472581863403320e+01,-1.000000000000000056e-01,-1.267361384673546310e+00,-8.643715000341180010e-01,3.029898846394283307e-01,7.268376456778066208e-01,6.435630506459351086e-01,6.770000000000000284e+01
7.264248299598693848e+01,-1.000000000000000056e-01,-1.265976325155841131e+00,-8.643715000341180010e-01,3.016048251217231524e-01,7.136796579288279263e-01,6.435373885192309240e-01,6.770000000000000284e+01
7.266255402565002441e+01,-1.000000000000000056e-01,-1.265038743940411603e+00,-8.643715000341180010e-01,3.006672439062936242e-01,7.062284068500070955e-01,6.434738380803745050e-01,6.770000000000000284e+01
7.268551802635192871e+01,-1.000000000000000056e-01,-1.263642504668162525e+00,-8.643715000341180010e-01,2.992710046340445462e-01,6.938265272124388705e-01,6.434456012724125706e-01,6.770000000000000284e+01
7.270604658126831055e+01,-1.000000000000000056e-01,-1.261419711403452659e+00,-8.643715000341180010e-01,2.970482113693346804e-01,6.764693372805512528e-01,6.434455513585551900e-01,6.770000000000000284e+01
7.272268462181091309e+01,-1.000000000000000056e-01,-1.260314475489074049e+00,-8.643715000341180010e-01,2.959429754549560698e-01,6.685110989294389405e-01,6.433904898678508566e-01,6.770000000000000284e+01
7.274276924133300781e+01,-1.000000000000000056e-01,-1.259130568865083344e+00,-8.643715000341180010e-01,2.947590688309653650e-01,6.598915993841059091e-01,6.433413027777942217e-01,6.770000000000000284e+01
7.276544022560119629e+01,-1.000000000000000056e-01,-1.257827121461102093e+00,-8.643715000341180010e-01,2.934556214269841146e-01,6.501757218460327836e-01,6.433009845331764121e-01,6.770000000000000284e+01
7.278751015663146973e+01,-1.000000000000000056e-01,-1.256250449302302563e+00,-8.643715000341180010e-01,2.918789492681845843e-01,6.376738379214708097e-01,6.432812752340116846e-01,6.770000000000000284e+01
7.280350971221923828e+01,-1.000000000000000056e-01,-1.256270999737251204e+00,-8.643715000341180010e-01,2.918994997031332250e-01,6.375339683028793392e-01,6.431899723024089299e-01,6.770000000000000284e+01
7.282680082321166992e+01,-1.000000000000000056e-01,-1.254709784896774538e+00,-8.643715000341180010e-01,2.903382848626565593e-01,6.257540599248386792e-01,6.431669387653933256e-01,6.770000000000000284e+01
7.284245610237121582e+01,-1.000000000000000056e-01,-1.253127124884751753e+00,-8.643715000341180010e-01,2.887556248506337742e-01,6.141283949376165063e-01,6.431444746544265900e-01,6.770000000000000284e+01
7.286466956138610840e+01,-1.000000000000000056e-01,-1.252377515221141158e+00,-8.643715000341180010e-01,2.880060151870231788e-01,6.088755213394501098e-01,6.430910513900446324e-01,6.770000000000000284e+01
7.288629102706909180e+01,-1.000000000000000056e-01,-1.249901815106478242e+00,-8.643715000341180010e-01,2.855303150723602634e-01,5.913261846187788384e-01,6.431003178637173523e-01,6.770000000000000284e+01
7.290571284294128418e+01,-1.000000000000000056e-01,-1.252123285460473134e+00,-8.643715000341180010e-01,2.877517854263551556e-01,6.075385856578994215e-01,6.429224506105820636e-01,6.770000000000000284e+01
7.292250776290893555e+01,-1.000000000000000056e-01,-1.250458964694814989e+00,-8.643715000341180010e-01,2.860874646606970106e-01,5.962873249195881353e-01,6.428988370812240838e-01,6.770000000000000284e+01
7.294251441955566406e+01,-1.000000000000000056e-01,-1.248852892067881193e+00,-8.643715000341180010e-01,2.844813920337632140e-01,5.861038651236999408e-01,6.428693836074181878e-01,6.770000000000000284e+01
7.296455717086791992e+01,-1.000000000000000056e-01,-1.247120734993437896e+00,-8.643715000341180010e-01,2.827492349593199172e-01,5.747771892876298860e-01,6.428493196570451707e-01,6.770000000000000284e+01
7.298266363143920898e+01,-1.000000000000000056e-01,-1.245222394242024411e+00,-8.643715000341180010e-01,2.808508942079064319e-01,5.619144117400984850e-01,6.428414406982124740e-01,6.770000000000000284e+01
7.300237607955932617e+01,-1.000000000000000056e-01,-1.247018808856244831e+00,-8.643715000341180010e-01,2.826473088221268526e-01,5.763419885468890058e-01,6.426761983645967735e-01,6.770000000000000284e+01
7.302498698234558105e+01,-1.000000000000000056e-01,-1.245271688613036165e+00,-8.643715000341180010e-01,2.809001885789181863e-01,5.649123704046135064e-01,6.426588679086513434e-01,6.770000000000000284e+01
7.304259967803955078e+01,-1.000000000000000056e-01,-1.243766529386064024e+00,-8.643715000341180010e-01,2.793950293519460448e-01,5.567028590960917400e-01,6.426206624881991569e-01,6.770000000000000284e+01
7.306562089920043945e+01,-1.000000000000000056e-01,-1.241959934904482310e+00,-8.643715000341180010e-01,2.775884348703643312e-01,5.452043536605152285e-01,6.426065873141507678e-01,6.770000000000000284e+01
7.308283853530883789e+01,-1.000000000000000056e-01,-1.240187279702239298e+00,-8.643715000341180010e-01,2.758157796681213192e-01,5.344205956007002101e-01,6.425892371529345892e-01,6.770000000000000284e+01
7.310270810127258301e+01,-1.000000000000000056e-01,-1.244563974461095457e+00,-8.643715000341180010e-01,2.801924744269774781e-01,5.671584094601856973e-01,6.423245897111423686e-01,6.770000000000000284e+01
7.312500357627868652e+01,-1.000000000000000056e-01,-1.242787720967245990e+00,-8.643715000341180010e-01,2.784162209331280113e-01,5.565241482178396870e-01,6.423017227295746423e-01,6.770000000000000284e+01
7.314273715019226074e+01,-1.000000000000000056e-01,-1.241055601502456973e+00,-8.643715000341180010e-01,2.766841014683389943e-01,5.467378849813354647e-01,6.422744178168454665e-01,6.770000000000000284e+01
7.316483569145202637e+01,-1.000000000000000056e-01,-1.240079839639704362e+00,-8.643715000341180010e-01,2.757083396055863833e-01,5.408248040373242471e-01,6.422327575188013782e-01,6.770000000000000284e+01
7.318538808822631836e+01,-1.000000000000000056e-01,-1.237285479535325861e+00,-8.643715000341180010e-01,2.729139795012078817e-01,5.244967166599451280e-01,6.422420103620422038e-01,6.770000000000000284e+01
7.320236063003540039e+01,-1.000000000000000056e-01,-1.241294875132987974e+00,-8.643715000341180010e-01,2.769233750988699949e-01,5.551793451361458631e-01,6.419896373818879676e-01,6.770000000000000284e+01
7.322239089012145996e+01,-1.000000000000000056e-01,-1.239645034795501477e+00,-8.643715000341180010e-01,2.752735347613834982e-01,5.461373086087923934e-01,6.419580677987154482e-01,6.770000000000000284e+01
7.324261879920959473e+01,-1.000000000000000056e-01,-1.238007864356424292e+00,-8.643715000341180010e-01,2.736363643223063136e-01,5.374770717554233634e-01,6.419251966244635677e-01,6.770000000000000284e+01
7.326253342628479004e+01,-1.000000000000000056e-01,-1.236294357121571430e+00,-8.643715000341180010e-01,2.719228570874534512e-01,5.281382728983092800e-01,6.418983483730410500e-01,6.770000000000000284e+01
7.328535342216491699e+01,-1.000000000000000056e-01,-1.234462884069362110e+00,-8.643715000341180010e-01,2.700913840352441309e-01,5.176840089567162906e-01,6.418805888242556934e-01,6.770000000000000284e+01
7.330260324478149414e+01,-1.000000000000000056e-01,-1.238809690298855237e+00,-8.643715000341180010e-01,2.744381902647372584e-01,5.513691450841479158e-01,6.416106077856755796e-01,6.770000000000000284e+01
7.332335233688354492e+01,-1.000000000000000056e-01,-1.237029362767817275e+00,-8.643715000341180010e-01,2.726578627336992966e-01,5.411933785285727438e-01,6.415870743401486109e-01,6.770000000000000284e+01
7.334470438957214355e+01,-1.000000000000000056e-01,-1.235220149587974658e+00,-8.643715000341180010e-01,2.708486495538566796e-01,5.309548793271745559e-01,6.415654466045715987e-01,6.770000000000000284e+01
7.336331796646118164e+01,-1.000000000000000056e-01,-1.233250152341626604e+00,-8.643715000341180010e-01,2.688786523075086254e-01,5.191227874129001885e-01,6.415563607371992383e-01,6.770000000000000284e+01
7.338534855842590332e+01,-1.000000000000000056e-01,-1.231426052364662072e+00,-8.643715000341180010e-01,2.670545523305440927e-01,5.092743231839376161e-01,6.415352356925408950e-01,6.770000000000000284e+01
7.340490603446960449e+01,-1.000000000000000056e-01,-1.236414503743521021e+00,-8.643715000341180010e-01,2.720430037094030418e-01,5.474925147210942811e-01,6.412410126324538107e-01,6.770000000000000284e+01
7.342428565025329590e+01,-1.000000000000000056e-01,-1.234803790841326299e+00,-8.643715000341180010e-01,2.704322908072083198e-01,5.395991965811484103e-01,6.412018729869002343e-01,6.770000000000000284e+01
7.344280338287353516e+01,-1.000000000000000056e-01,-1.233099472366375515e+00,-8.643715000341180010e-01,2.687279723322575364e-01,5.307762632304293682e-01,6.411704187704916347e-01,6.770000000000000284e+01
7.346264314651489258e+01,-1.000000000000000056e-01,-1.231206650494896193e+00,-8.643715000341180010e-01,2.668351504607782143e-01,5.199765414957493448e-01,6.411539795461639324e-01,6.770000000000000284e+01
7.348876428604125977e+01,-1.000000000000000056e-01,-1.229415666698340237e+00,-8.643715000341180010e-01,2.650441666642222582e-01,5.106181916810733634e-01,6.411291381211455809e-01,6.770000000000000284e+01
7.350611996650695801e+01,-1.000000000000000056e-01,-1.237431758506843948e+00,-8.643715000341180010e-01,2.730602584727259696e-01,5.708583824629066550e-01,6.407066127711165127e-01,6.770000000000000284e+01
7.352265000343322754e+01,-1.000000000000000056e-01,-1.236069741497598296e+00,-8.643715000341180010e-01,2.716982414634803167e-01,5.647165729337555451e-01,6.406529437718841979e-01,6.770000000000000284e+01
7.354250741004943848e+01,-1.000000000000000056e-01,-1.234727348734541152e+00,-8.643715000341180010e-01,2.703558487004231736e-01,5.589000443569932530e-01,6.405980200058588592e-01,6.770000000000000284e+01
7.356688904762268066e+01,-1.000000000000000056e-01,-1.232992928942038713e+00,-8.643715000341180010e-01,2.686214289079207340e-01,5.486171731489893899e-01,6.405750517491238805e-01,6.770000000000000284e+01
7.358269929885864258e+01,-1.000000000000000056e-01,-1.231349866666627380e+00,-8.643715000341180010e-01,2.669783666325094007e-01,5.396165606954641536e-01,6.405447459802950938e-01,6.770000000000000284e+01
7.360527276992797852e+01,-1.000000000000000056e-01,-1.238849900482944077e+00,-8.643715000341180010e-01,2.744784004488260987e-01,5.948874658454990083e-01,6.401477793940985039e-01,6.770000000000000284e+01
7.362583279609680176e+01,-1.000000000000000056e-01,-1.236803041541835846e+00,-8.643715000341180010e-01,2.724315415077178670e-01,5.846197098990935093e-01,6.401123798474239734e-01,6.770000000000000284e+01
7.364252257347106934e+01,-1.000000000000000056e-01,-1.235201461368834464e+00,-8.643715000341180010e-01,2.708299613347164847e-01,5.754262143585212597e-01,6.400777102571905131e-01,6.770000000000000284e+01
7.366246199607849121e+01,-1.000000000000000056e-01,-1.233749515686028975e+00,-8.643715000341180010e-01,2.693780156519109958e-01,5.681977931072824672e-01,6.400307075179941796e-01,6.770000000000000284e+01
7.368227720260620117e+01,-1.000000000000000056e-01,-1.232141888762090076e+00,-8.643715000341180010e-01,2.677703887279720973e-01,5.593435871529526260e-01,6.399960145120797694e-01,6.770000000000000284e+01
7.370584440231323242e+01,-1.000000000000000056e-01,-1.237503074489632704e+00,-8.643715000341180010e-01,2.731315744555147251e-01,6.011704935954272910e-01,6.396683381630571263e-01,6.770000000000000284e+01
7.372259998321533203e+01,-1.000000000000000056e-01,-1.236201696111934201e+00,-8.643715000341180010e-01,2.718301960778162218e-01,5.956317826455275188e-01,6.396046995262425483e-01,6.770000000000000284e+01
7.374614858627319336e+01,-1.000000000000000056e-01,-1.235581516974172400e+00,-8.643715000341180010e-01,2.712100169400544214e-01,5.933097766904567028e-01,6.395266507576278237e-01,6.770000000000000284e+01
7.376588082313537598e+01,-1.000000000000000056e-01,-1.233170927350808466e+00,-8.643715000341180010e-01,2.687994273166904868e-01,5.798818874326113759e-01,6.395119204234671617e-01,6.770000000000000284e+01
7.378282570838928223e+01,-1.000000000000000056e-01,-1.231558990071766946e+00,-8.643715000341180010e-01,2.671874900376489670e-01,5.711890110683486288e-01,6.394733515881320107e-01,6.770000000000000284e+01
7.380649113655090332e+01,-1.000000000000000056e-01,-1.236937689311445432e+00,-8.643715000341180010e-01,2.732474999645544411e-01,6.160511780605497645e-01,6.391297680662263447e-01,6.770000000000000284e+01
7.382538342475891113e+01,-1.000000000000000056e-01,-1.235792152104461694e+00,-8.643715000341180010e-01,2.714206520703437153e-01,6.080702942525997301e-01,6.390752759533631089e-01,6.770000000000000284e+01
7.384533309936523438e+01,-1.000000000000000056e-01,-1.234568870754526149e+00,-8.643715000341180010e-01,2.701973707204081698e-01,6.026644574005255439e-01,6.390106826391163120e-01,6.770000000000000284e+01
7.386258888244628906e+01,-1.000000000000000056e-01,-1.233547019607321493e+00,-8.643715000341180010e-01,2.691755195732035144e-01,5.996819616535853381e-01,6.389301521953394403e-01,6.770000000000000284e+01
7.388341259956359863e+01,-1.000000000000000056e-01,-1.232127109488712069e+00,-8.643715000341180010e-01,2.677556094545940901e-01,5.921512890715374677e-01,6.388815728190569976e-01,6.770000000000000284e+01
7.390302610397338867e+01,-1.000000000000000056e-01,-1.238553422013410454e+00,-8.643715000341180010e-01,2.741819219792924756e-01,6.409285678914542483e-01,6.385092923411147536e-01,6.770000000000000284e+01
7.392569756507873535e+01,-1.000000000000000056e-01,-1.237663759572914079e+00,-8.643715000341180010e-01,2.732922595387961007e-01,6.390828784263291595e-01,6.384141399991150045e-01,6.770000000000000284e+01
7.394273281097412109e+01,-1.000000000000000056e-01,-1.236753258220488982e+00,-8.643715000341180010e-01,2.723817581863710036e-01,6.369466521003329662e-01,6.383213702203829332e-01,6.770000000000000284e+01
7.396246123313903809e+01,-1.000000000000000056e-01,-1.235487411001026992e+00,-8.643715000341180010e-01,2.711159109669090128e-01,6.306605808593921392e-01,6.382578693256013569e-01,6.770000000000000284e+01
7.398272299766540527e+01,-1.000000000000000056e-01,-1.234579498716728230e+00,-8.643715000341180010e-01,2.702079986826102509e-01,6.285855522146824859e-01,6.381662297222284730e-01,6.770000000000000284e+01
7.400566315650939941e+01,-1.000000000000000056e-01,-1.239437634973753033e+00,-8.643715000341180010e-01,2.750661349396350541e-01,6.655656396471867353e-01,6.378565446212631773e-01,6.770000000000000284e+01
7.402487230300903320e+01,-1.000000000000000056e-01,-1.238356721866342269e+00,-8.643715000341180010e-01,2.739852218322242905e-01,6.604672172972425592e-01,6.377809729956230855e-01,6.770000000000000284e+01
7.404222917556762695e+01,-1.000000000000000056e-01,-1.237243955626363023e+00,-8.643715000341180010e-01,2.728724555922450445e-01,6.550963971486687409e-01,6.377080510922675805e-01,6.770000000000000284e+01
7.406470990180969238e+01,-1.000000000000000056e-01,-1.236000522096469378e+00,-8.643715000341180010e-01,2.716290220623513996e-01,6.483224287938804675e-01,6.376456261580613072e-01,6.770000000000000284e+01
7.408749508857727051e+01,-1.000000000000000056e-01,-1.235519490103594187e+00,-8.643715000341180010e-01,2.711479900694762080e-01,6.466495900814148712e-01,6.375534359142109864e-01,6.770000000000000284e+01
7.410464072227478027e+01,-1.000000000000000056e-01,-1.240079857727925061e+00,-8.643715000341180010e-01,2.757083576938070824e-01,6.840522750247550743e-01,6.372325604886551753e-01,6.770000000000000284e+01
7.412251138687133789e+01,-1.000000000000000056e-01,-1.238958211432118706e+00,-8.643715000341180010e-01,2.745867113980007268e-01,6.775602203167052640e-01,6.371646433574698065e-01,6.770000000000000284e+01
7.414233279228210449e+01,-1.000000000000000056e-01,-1.238013891840180847e+00,-8.643715000341180010e-01,2.736423918060628679e-01,6.733402396419094771e-01,6.370817263536217023e-01,6.770000000000000284e+01
7.416473126411437988e+01,-1.000000000000000056e-01,-1.237428801101104536e+00,-8.643715000341180010e-01,2.730573010669865575e-01,6.733534624749710762e-01,6.369701114443284684e-01,6.770000000000000284e+01
7.418338656425476074e+01,-1.000000000000000056e-01,-1.236331173227604774e+00,-8.643715000341180010e-01,2.719596731934867950e-01,6.674291209759042331e-01,6.368996069788608327e-01,6.770000000000000284e+01
7.420480942726135254e+01,-1.000000000000000056e-01,-1.240876395458582415e+00,-8.643715000341180010e-01,2.765048954244644364e-01,7.010274975711786594e-01,6.366049467619844249e-01,6.770000000000000284e+01
7.422484898567199707e+01,-1.000000000000000056e-01,-1.239848969757631814e+00,-8.643715000341180010e-01,2.754774697235138348e-01,6.950698665407668564e-01,6.365308187391560679e-01,6.770000000000000284e+01
7.424302148818969727e+01,-1.000000000000000056e-01,-1.238921638688199822e+00,-8.643715000341180010e-01,2.745501386540818434e-01,6.904521941564032428e-01,6.364481660000410601e-01,6.770000000000000284e+01
7.426411128044128418e+01,-1.000000000000000056e-01,-1.237871562235841161e+00,-8.643715000341180010e-01,2.735000622017231819e-01,6.845031652720401372e-01,6.363754128891354611e-01,6.770000000000000284e+01
7.428681945800781250e+01,-1.000000000000000056e-01,-1.237374479237451030e+00,-8.643715000341180010e-01,2.730029792033330516e-01,6.849852432833387628e-01,6.362590872226675520e-01,6.770000000000000284e+01
7.430271029472351074e+01,-1.000000000000000056e-01,-1.241913285725813054e+00,-8.643715000341180010e-01,2.775417856916950754e-01,7.193428623005957423e-01,6.359539978522978920e-01,6.770000000000000284e+01
7.432753872871398926e+01,-1.000000000000000056e-01,-1.241277485053416507e+00,-8.643715000341180010e-01,2.769059850192985284e-01,7.177444269394659404e-01,6.358462373310791449e-01,6.770000000000000284e+01
7.434249210357666016e+01,-1.000000000000000056e-01,-1.240831980072157670e+00,-8.643715000341180010e-01,2.764604800380396910e-01,7.183850012688843822e-01,6.357231104548374256e-01,6.770000000000000284e+01
7.436413145065307617e+01,-1.000000000000000056e-01,-1.240013131989301964e+00,-8.643715000341180010e-01,2.756416319551839855e-01,7.145880754923342737e-01,6.356308493700464357e-01,6.770000000000000284e+01
7.438243055343627930e+01,-1.000000000000000056e-01,-1.239320399731127731e+00,-8.643715000341180010e-01,2.749488996970097521e-01,7.123009628786167724e-01,6.355287191009039161e-01,6.770000000000000284e+01
7.440403962135314941e+01,-1.000000000000000056e-01,-1.243958151731797024e+00,-8.643715000341180010e-01,2.795866516976790450e-01,7.474633181742199595e-01,6.352131976098113197e-01,6.770000000000000284e+01
7.442566108703613281e+01,-1.000000000000000056e-01,-1.243351562818591605e+00,-8.643715000341180010e-01,2.792770812484985932e-01,7.462623399149848069e-01,6.351010337746931800e-01,6.770000000000000284e+01
7.444568061828613281e+01,-1.000000000000000056e-01,-1.242726436826536718e+00,-8.643715000341180010e-01,2.783549367924187390e-01,7.427012738873636222e-01,6.350013196775462498e-01,6.770000000000000284e+01
7.446571469306945801e+01,-1.000000000000000056e-01,-1.241896632825349567e+00,-8.643715000341180010e-01,2.775251327912315880e-01,7.378797539345206546e-01,6.349129391967138769e-01,6.770000000000000284e+01
7.448988699913024902e+01,-1.000000000000000056e-01,-1.241402403160843049e+00,-8.643715000341180010e-01,2.770309031267250699e-01,7.369988038223713733e-01,6.347980310070545640e-01,6.770000000000000284e+01
7.450268578529357910e+01,-1.000000000000000056e-01,-1.246854531895861484e+00,-8.643715000341180010e-01,2.824830318617435054e-01,7.792505824738580333e-01,6.344327582383898489e-01,6.770000000000000284e+01
7.452969098091125488e+01,-1.000000000000000056e-01,-1.246173506358960292e+00,-8.643715000341180010e-01,2.818020063248423135e-01,7.753629287750101184e-01,6.343322207209223240e-01,6.770000000000000284e+01
7.454339218139648438e+01,-1.000000000000000056e-01,-1.245527581481012724e+00,-8.643715000341180010e-01,2.811560814468947456e-01,7.720119028646548198e-01,6.342284182235492507e-01,6.770000000000000284e+01
7.456640815734863281e+01,-1.000000000000000056e-01,-1.245060914563433485e+00,-8.643715000341180010e-01,2.806894145293155063e-01,7.708294338107619659e-01,6.341100196664926081e-01,6.770000000000000284e+01
7.458610177040100098e+01,-1.000000000000000056e-01,-1.244340682073644011e+00,-8.643715000341180010e-01,2.799691820395260322e-01,7.667654493901938650e-01,6.340116997842121238e-01,6.770000000000000284e+01
7.460256934165954590e+01,-1.000000000000000056e-01,-1.249825558286253635e+00,-8.643715000341180010e-01,2.854540582521356562e-01,8.074641537150988313e-01,6.336549308567230865e-01,6.770000000000000284e+01
7.462744998931884766e+01,-1.000000000000000056e-01,-1.249651890852435665e+00,-8.643715000341180010e-01,2.852803908183176862e-01,8.090357665618626015e-01,6.335116879092130837e-01,6.770000000000000284e+01
7.464603090286254883e+01,-1.000000000000000056e-01,-1.248915840969435642e+00,-8.643715000341180010e-01,2.845443409353176634e-01,8.038526590718433340e-01,6.334154215566577539e-01,6.770000000000000284e+01
7.466257023811340332e+01,-1.000000000000000056e-01,-1.248423794420627120e+00,-8.643715000341180010e-01,2.840522943865091410e-01,8.016895066147187165e-01,6.332987657889085353e-01,6.770000000000000284e+01
7.468258476257324219e+01,-1.000000000000000056e-01,-1.248181028692216810e+00,-8.643715000341180010e-01,2.838095286580988308e-01,8.024234972439858726e-01,6.331623534390687924e-01,6.770000000000000284e+01
7.470543169975280762e+01,-1.000000000000000056e-01,-1.252625843186597754e+00,-8.643715000341180010e-01,2.882543431524797750e-01,8.348149480826931867e-01,6.328490425717226975e-01,6.770000000000000284e+01
7.472418451309204102e+01,-1.000000000000000056e-01,-1.252388602231262471e+00,-8.643715000341180010e-01,2.880171021971444922e-01,8.337719199652446900e-01,6.327220064524410326e-01,6.770000000000000284e+01
7.474572491645812988e+01,-1.000000000000000056e-01,-1.252084747866953895e+00,-8.643715000341180010e-01,2.877132478328359166e-01,8.319406866425763658e-01,6.326006290502321772e-01,6.770000000000000284e+01
7.476278614997863770e+01,-1.000000000000000056e-01,-1.252072849785980990e+00,-8.643715000341180010e-01,2.877013497518630114e-01,8.335312684474098788e-01,6.324557605419154349e-01,6.770000000000000284e+01
7.478375506401062012e+01,-1.000000000000000056e-01,-1.251614884548765350e+00,-8.643715000341180010e-01,2.872433845146473708e-01,8.299438835140374726e-01,6.323465336116926849e-01,6.770000000000000284e+01
7.480338692665100098e+01,-1.000000000000000056e-01,-1.256291451666946335e+00,-8.643715000341180010e-01,2.919199516328283561e-01,8.651576200357538049e-01,6.320079252576948914e-01,6.770000000000000284e+01
7.482251954078674316e+01,-1.000000000000000056e-01,-1.256203734549310669e+00,-8.643715000341180010e-01,2.918322345151926900e-01,8.648627367336184646e-01,6.318715330712130207e-01,6.770000000000000284e+01
7.484526872634887695e+01,-1.000000000000000056e-01,-1.256364202405228614e+00,-8.643715000341180010e-01,2.919927023711106351e-01,8.674902529519447070e-01,6.317148262140163117e-01,6.770000000000000284e+01
7.486730623245239258e+01,-1.000000000000000056e-01,-1.256224497440515453e+00,-8.643715000341180010e-01,2.918529974063974741e-01,8.664966525866439895e-01,6.315829519932808500e-01,6.770000000000000284e+01
7.488571786880493164e+01,-1.000000000000000056e-01,-1.256166182217421934e+00,-8.643715000341180010e-01,2.917946821833039550e-01,8.664354706153634123e-01,6.314448150153225692e-01,6.770000000000000284e+01
7.490559339523315430e+01,-1.000000000000000056e-01,-1.257494765710225559e+00,-8.643715000341180010e-01,2.931232656761075805e-01,8.754879750496703528e-01,6.312565701455928879e-01,6.770000000000000284e+01
7.492279887199401855e+01,-1.000000000000000056e-01,-1.257641399629437773e+00,-8.643715000341180010e-01,2.932698995953197940e-01,8.780625614331514228e-01,6.310978172943904063e-01,6.770000000000000284e+01
7.494264030456542969e+01,-1.000000000000000056e-01,-1.257738929755582769e+00,-8.643715000341180010e-01,2.933674297214647897e-01,8.799324050194283764e-01,6.309437046247061698e-01,6.770000000000000284e+01
7.496562266349792480e+01,-1.000000000000000056e-01,-1.257648169822614515e+00,-8.643715000341180010e-01,2.932766697884965357e-01,8.795300964913624897e-01,6.308051474656241053e-01,6.770000000000000284e+01
7.498266434669494629e+01,-1.000000000000000056e-01,-1.257522164516687413e+00,-8.643715000341180010e-01,2.931506644825694341e-01,8.787332302078928459e-01,6.306693496276796207e-01,6.770000000000000284e+01
7.500815987586975098e+01,-1.000000000000000056e-01,-1.260048749993391226e+00,-8.643715000341180010e-01,2.956772499592732473e-01,8.988704072885416174e-01,6.304070386762048450e-01,6.770000000000000284e+01
7.502265024185180664e+01,-1.000000000000000056e-01,-1.260012787889625230e+00,-8.643715000341180010e-01,2.956412878555072510e-01,8.983070931540421133e-01,6.302673839718291315e-01,6.770000000000000284e+01
7.504256629943847656e+01,-1.000000000000000056e-01,-1.260133882425350960e+00,-8.643715000341180010e-01,2.957623823912329808e-01,8.996220893549153885e-01,6.301146827199631817e-01,6.770000000000000284e+01
7.506412792205810547e+01,-1.000000000000000056e-01,-1.260422809978026804e+00,-8.643715000341180010e-01,2.960513099439088247e-01,9.028235163309099587e-01,6.299487436812607477e-01,6.770000000000000284e+01
7.508255410194396973e+01,-1.000000000000000056e-01,-1.260495116821627848e+00,-8.643715000341180010e-01,2.961236167875098690e-01,9.034255746621104866e-01,6.298003666165096215e-01,6.770000000000000284e+01
7.510250973701477051e+01,-1.000000000000000056e-01,-1.261504348163037248e+00,-8.643715000341180010e-01,2.971328481289192691e-01,9.100645327596195155e-01,6.296190675341662990e-01,6.770000000000000284e+01
7.512478399276733398e+01,-1.000000000000000056e-01,-1.261854395608263957e+00,-8.643715000341180010e-01,2.974828955741459779e-01,9.134333893964940998e-01,6.294509159644031682e-01,6.770000000000000284e+01
7.514471006393432617e+01,-1.000000000000000056e-01,-1.262087041038715718e+00,-8.643715000341180010e-01,2.977155410045977391e-01,9.152553337629842911e-01,6.292931765514917508e-01,6.770000000000000284e+01
7.516527581214904785e+01,-1.000000000000000056e-01,-1.262331187720492798e+00,-8.643715000341180010e-01,2.979596876863748189e-01,9.171251541800721219e-01,6.291348964827107038e-01,6.770000000000000284e+01
7.518655562400817871e+01,-1.000000000000000056e-01,-1.262612715782921446e+00,-8.643715000341180010e-01,2.982412157488034676e-01,9.193354243515623470e-01,6.289740488005414187e-01,6.770000000000000284e+01
7.520410490036010742e+01,-1.000000000000000056e-01,-1.261894633611591265e+00,-8.643715000341180010e-01,2.975231335774732866e-01,9.139371114378651573e-01,6.288580284704915480e-01,6.770000000000000284e+01
7.522409272193908691e+01,-1.000000000000000056e-01,-1.261906200524450128e+00,-8.643715000341180010e-01,2.975347004903321491e-01,9.133538176065468805e-01,6.287165151966243037e-01,6.770000000000000284e+01
7.524544072151184082e+01,-1.000000000000000056e-01,-1.262265336720412634e+00,-8.643715000341180010e-01,2.978938366862946552e-01,9.169148172703474042e-01,6.285460889522492822e-01,6.770000000000000284e+01
7.526477789878845215e+01,-1.000000000000000056e-01,-1.262317021705516185e+00,-8.643715000341180010e-01,2.979455216713982058e-01,9.167637760686981885e-01,6.284010037314095021e-01,6.770000000000000284e+01
7.528427743911743164e+01,-1.000000000000000056e-01,-1.262386816436175785e+00,-8.643715000341180010e-01,2.980153164020578060e-01,9.168242695942708798e-01,6.282544615874438021e-01,6.770000000000000284e+01
7.530236387252807617e+01,-1.000000000000000056e-01,-1.262449694152630864e+00,-8.643715000341180010e-01,2.980781941185128847e-01,9.180519387663299558e-01,6.280974532389916876e-01,6.770000000000000284e+01
7.532234716415405273e+01,-1.000000000000000056e-01,-1.262425386706189867e+00,-8.643715000341180010e-01,2.980538866720718882e-01,9.171740985497007781e-01,6.279568496740671746e-01,6.770000000000000284e+01
7.534554672241210938e+01,-1.000000000000000056e-01,-1.262331727615297883e+00,-8.643715000341180010e-01,2.979602275811799039e-01,9.155270927684817650e-01,6.278216616611885792e-01,6.770000000000000284e+01
7.536257624626159668e+01,-1.000000000000000056e-01,-1.262475781420458132e+00,-8.643715000341180010e-01,2.981042813863401530e-01,9.167197051383506601e-01,6.276669283039448821e-01,6.770000000000000284e+01
7.538966155052185059e+01,-1.000000000000000056e-01,-1.262555692919642425e+00,-8.643715000341180010e-01,2.981841928855244461e-01,9.171458458790082702e-01,6.275173179790376476e-01,6.770000000000000284e+01
7.540654754638671875e+01,-1.000000000000000056e-01,-1.262474458725602489e+00,-8.643715000341180010e-01,2.981029586914845098e-01,9.166829983867674780e-01,6.273719343895376443e-01,6.770000000000000284e+01
7.542267084121704102e+01,-1.000000000000000056e-01,-1.262593752292527682e+00,-8.643715000341180010e-01,2.982222522584097035e-01,9.173710819718032816e-01,6.272208708934559063e-01,6.770000000000000284e+01
7.544264078140258789e+01,-1.000000000000000056e-01,-1.262662381700426328e+00,-8.643715000341180010e-01,2.982908816663083496e-01,9.174393656295514177e-01,6.270740146901832013e-01,6.770000000000000284e+01
7.546578717231750488e+01,-1.000000000000000056e-01,-1.262888429365808696e+00,-8.643715000341180010e-01,2.985169293316907169e-01,9.193403084247298018e-01,6.269144182138917110e-01,6.770000000000000284e+01
7.548669099807739258e+01,-1.000000000000000056e-01,-1.263105049692595516e+00,-8.643715000341180010e-01,2.987335496584775374e-01,9.210675260316777413e-01,6.267557661117405532e-01,6.770000000000000284e+01
7.551008439064025879e+01,-1.000000000000000056e-01,-1.262985298374783127e+00,-8.643715000341180010e-01,2.986137983406651486e-01,9.202888362796994848e-01,6.266115270931692516e-01,6.770000000000000284e+01
7.552249288558959961e+01,-1.000000000000000056e-01,-1.263089075657745530e+00,-8.643715000341180010e-01,2.987175756236275515e-01,9.207953918831508489e-01,6.264609885065614003e-01,6.770000000000000284e+01
7.554524493217468262e+01,-1.000000000000000056e-01,-1.263230444275839082e+00,-8.643715000341180010e-01,2.988589442417211028e-01,9.217400565924418476e-01,6.263072977260266683e-01,6.770000000000000284e+01
7.556561899185180664e+01,-1.000000000000000056e-01,-1.263448818116303718e+00,-8.643715000341180010e-01,2.990773180821857391e-01,9.235552865627367769e-01,6.261474116686379654e-01,6.770000000000000284e+01
7.558256530761718750e+01,-1.000000000000000056e-01,-1.263675126695033901e+00,-8.643715000341180010e-01,2.993036266609159224e-01,9.254036807268477549e-01,6.259870665927731448e-01,6.770000000000000284e+01
7.560428977012634277e+01,-1.000000000000000056e-01,-1.264692288780965068e+00,-8.643715000341180010e-01,3.003207887468470894e-01,9.315853406364777989e-01,6.258054206982001100e-01,6.770000000000000284e+01
7.562459349632263184e+01,-1.000000000000000056e-01,-1.264847292184818839e+00,-8.643715000341180010e-01,3.004757921507008600e-01,9.323896098679413935e-01,6.256511562208373345e-01,6.770000000000000284e+01
7.564235901832580566e+01,-1.000000000000000056e-01,-1.264892145223928788e+00,-8.643715000341180010e-01,3.005206451898108089e-01,9.318761068806296066e-01,6.255059411820755866e-01,6.770000000000000284e+01
7.566531729698181152e+01,-1.000000000000000056e-01,-1.265372229067311505e+00,-8.643715000341180010e-01,3.010007290331935259e-01,9.364519930678221193e-01,6.253254635717007126e-01,6.770000000000000284e+01
7.568296957015991211e+01,-1.000000000000000056e-01,-1.265286526863623084e+00,-8.643715000341180010e-01,3.009150268295051056e-01,9.344312078085472706e-01,6.251899021121023470e-01,6.770000000000000284e+01
7.570565009117126465e+01,-1.000000000000000056e-01,-1.266270361090354291e+00,-8.643715000341180010e-01,3.018988610562363117e-01,9.418905513084427916e-01,6.249944978202084389e-01,6.770000000000000284e+01
7.572700691223144531e+01,-1.000000000000000056e-01,-1.266529469411532549e+00,-8.643715000341180010e-01,3.021579693774145703e-01,9.433168161568450394e-01,6.248350322388529499e-01,6.770000000000000284e+01
7.574245238304138184e+01,-1.000000000000000056e-01,-1.266607621852751553e+00,-8.643715000341180010e-01,3.022361218186335741e-01,9.425545938580847105e-01,6.246906228421602592e-01,6.770000000000000284e+01
7.576244521141052246e+01,-1.000000000000000056e-01,-1.267028389035297353e+00,-8.643715000341180010e-01,3.026568890011793744e-01,9.458147488772985501e-01,6.245183775498339696e-01,6.770000000000000284e+01
7.578327250480651855e+01,-1.000000000000000056e-01,-1.267140270969494109e+00,-8.643715000341180010e-01,3.027687709353761303e-01,9.454447061389790186e-01,6.243707929095237974e-01,6.770000000000000284e+01
7.580267000198364258e+01,-1.000000000000000056e-01,-1.267744269335815188e+00,-8.643715000341180010e-01,3.033727693016972093e-01,9.499319331305627889e-01,6.241911679335973018e-01,6.770000000000000284e+01
7.582462692260742188e+01,-1.000000000000000056e-01,-1.267876251101539786e+00,-8.643715000341180010e-01,3.035047510674218074e-01,9.498581530635024084e-01,6.240405805667381678e-01,6.770000000000000284e+01
7.584257388114929199e+01,-1.000000000000000056e-01,-1.268074104315619177e+00,-8.643715000341180010e-01,3.037026042815011984e-01,9.505962168192654271e-01,6.238842936861064281e-01,6.770000000000000284e+01
7.586267495155334473e+01,-1.000000000000000056e-01,-1.268221257120016432e+00,-8.643715000341180010e-01,3.038497570858984531e-01,9.507412552062439737e-01,6.237319927463432778e-01,6.770000000000000284e+01
7.588621282577514648e+01,-1.000000000000000056e-01,-1.268413292907843104e+00,-8.643715000341180010e-01,3.040417928737251252e-01,9.514146004112686850e-01,6.235759709121788674e-01,6.770000000000000284e+01
7.590279030799865723e+01,-1.000000000000000056e-01,-1.267577728737400822e+00,-8.643715000341180010e-01,3.032062287032828429e-01,9.449808929576013483e-01,6.234600432307866313e-01,6.770000000000000284e+01
7.592738676071166992e+01,-1.000000000000000056e-01,-1.267822193581019219e+00,-8.643715000341180010e-01,3.034506935469012401e-01,9.464163755286005841e-01,6.232995646525339994e-01,6.770000000000000284e+01
7.594681739807128906e+01,-1.000000000000000056e-01,-1.268126052243714552e+00,-8.643715000341180010e-01,3.037545522095965733e-01,9.485202696294953162e-01,6.231342026559307801e-01,6.770000000000000284e+01
7.596280598640441895e+01,-1.000000000000000056e-01,-1.268334752642856111e+00,-8.643715000341180010e-01,3.039632526087381326e-01,9.494584393137943668e-01,6.229766569965281553e-01,6.770000000000000284e+01
7.598305845260620117e+01,-1.000000000000000056e-01,-1.268443350649648638e+00,-8.643715000341180010e-01,3.040718506155306589e-01,9.492454293121630471e-01,6.228268923056089479e-01,6.770000000000000284e+01
7.600566530227661133e+01,-1.000000000000000056e-01,-1.268325929294548127e+00,-8.643715000341180010e-01,3.039544292604301479e-01,9.473452976354298505e-01,6.226871105814981711e-01,6.770000000000000284e+01
7.602264785766601562e+01,-1.000000000000000056e-01,-1.268631827565730230e+00,-8.643715000341180010e-01,3.042603275316122513e-01,9.493305437742028952e-01,6.225226889426010990e-01,6.770000000000000284e+01
7.604328489303588867e+01,-1.000000000000000056e-01,-1.268923234508432474e+00,-8.643715000341180010e-01,3.045517344743144950e-01,9.510811893914421500e-01,6.223596436679219579e-01,6.770000000000000284e+01
7.606428885459899902e+01,-1.000000000000000056e-01,-1.269099853548506074e+00,-8.643715000341180010e-01,3.047283535143880950e-01,9.514501425233155008e-01,6.222059396259157493e-01,6.770000000000000284e+01
7.608480167388916016e+01,-1.000000000000000056e-01,-1.269151296594433598e+00,-8.643715000341180010e-01,3.047797965603156189e-01,9.504017875889207989e-01,6.220619609054063304e-01,6.770000000000000284e+01
7.610263228416442871e+01,-1.000000000000000056e-01,-1.267163348063321537e+00,-8.643715000341180010e-01,3.027918480292035586e-01,9.357766047657505304e-01,6.219933235772956426e-01,6.770000000000000284e+01
7.612260556221008301e+01,-1.000000000000000056e-01,-1.267444778022686958e+00,-8.643715000341180010e-01,3.030732779885689787e-01,9.373773088723387215e-01,6.218340175723241492e-01,6.770000000000000284e+01
7.614222526550292969e+01,-1.000000000000000056e-01,-1.267790560626282481e+00,-8.643715000341180010e-01,3.034190605921645023e-01,9.396775849845355744e-01,6.216696489568894757e-01,6.770000000000000284e+01
7.616542911529541016e+01,-1.000000000000000056e-01,-1.268065208498231566e+00,-8.643715000341180010e-01,3.036937084641135876e-01,9.410632831992156166e-01,6.215113531417429948e-01,6.770000000000000284e+01
7.618639063835144043e+01,-1.000000000000000056e-01,-1.268345567747582114e+00,-8.643715000341180010e-01,3.039740677134641356e-01,9.424640930003642669e-01,6.213527869539495763e-01,6.770000000000000284e+01
7.620464730262756348e+01,-1.000000000000000056e-01,-1.266695175741212598e+00,-8.643715000341180010e-01,3.023236757070946190e-01,9.308094535274440418e-01,6.212669105058086227e-01,6.770000000000000284e+01
7.622537088394165039e+01,-1.000000000000000056e-01,-1.266694987497216207e+00,-8.643715000341180010e-01,3.023234874630982283e-01,9.295927629489393329e-01,6.211273127554581830e-01,6.770000000000000284e+01
7.624285602569580078e+01,-1.000000000000000056e-01,-1.266907122692944032e+00,-8.643715000341180010e-01,3.025356226588260533e-01,9.309600746320373377e-01,6.209697776671755376e-01,6.770000000000000284e+01
7.626240110397338867e+01,-1.000000000000000056e-01,-1.267135849725246732e+00,-8.643715000341180010e-01,3.027643496911287535e-01,9.324782788414049950e-01,6.208110081981336181e-01,6.770000000000000284e+01
7.628228926658630371e+01,-1.000000000000000056e-01,-1.267107892290271209e+00,-8.643715000341180010e-01,3.027363922561532306e-01,9.310314352563366924e-01,6.206724967971336548e-01,6.770000000000000284e+01
7.630250167846679688e+01,-1.000000000000000056e-01,-1.265416923343113842e+00,-8.643715000341180010e-01,3.010454233089958631e-01,9.180701800699099246e-01,6.205994745559606507e-01,6.770000000000000284e+01
7.632495713233947754e+01,-1.000000000000000056e-01,-1.265464296247152287e+00,-8.643715000341180010e-01,3.010927962130343083e-01,9.177882063183385730e-01,6.204551228718425682e-01,6.770000000000000284e+01
7.634260559082031250e+01,-1.000000000000000056e-01,-1.265589355055203757e+00,-8.643715000341180010e-01,3.012178550210857786e-01,9.184499626653408466e-01,6.203042084772161235e-01,6.770000000000000284e+01
7.636233901977539062e+01,-1.000000000000000056e-01,-1.265836264786354359e+00,-8.643715000341180010e-01,3.014647647522363805e-01,9.205084303069095419e-01,6.201435242073967125e-01,6.770000000000000284e+01
7.638811635971069336e+01,-1.000000000000000056e-01,-1.265981280791516728e+00,-8.643715000341180010e-01,3.016097807573987488e-01,9.213367566854122614e-01,6.199910724716275467e-01,6.770000000000000284e+01
7.640488338470458984e+01,-1.000000000000000056e-01,-1.264487688667967458e+00,-8.643715000341180010e-01,3.001161886338494789e-01,9.097022729585140244e-01,6.199125922681496537e-01,6.770000000000000284e+01
7.642493534088134766e+01,-1.000000000000000056e-01,-1.264633684478739140e+00,-8.643715000341180010e-01,3.002621844446211608e-01,9.106596475462316320e-01,6.197611217302765318e-01,6.770000000000000284e+01
7.644239497184753418e+01,-1.000000000000000056e-01,-1.264664634898730045e+00,-8.643715000341180010e-01,3.002931348646120657e-01,9.102146015819958524e-01,6.196193389759728776e-01,6.770000000000000284e+01
7.646402573585510254e+01,-1.000000000000000056e-01,-1.264506108203663270e+00,-8.643715000341180010e-01,3.001346081695452916e-01,9.075932667299935197e-01,6.194926723062412766e-01,6.770000000000000284e+01
7.648308420181274414e+01,-1.000000000000000056e-01,-1.264991777752393576e+00,-8.643715000341180010e-01,3.006202777182755970e-01,9.124015288948970070e-01,6.193150900481935173e-01,6.770000000000000284e+01
7.650250697135925293e+01,-1.000000000000000056e-01,-1.263715588792649669e+00,-8.643715000341180010e-01,2.993440887585316901e-01,9.022162303999217148e-01,6.192303087419636087e-01,6.770000000000000284e+01
7.652224683761596680e+01,-1.000000000000000056e-01,-1.264198798945903812e+00,-8.643715000341180010e-01,2.998272989117858334e-01,9.072666040331227588e-01,6.190515308399964223e-01,6.770000000000000284e+01
7.654228401184082031e+01,-1.000000000000000056e-01,-1.264179981829420818e+00,-8.643715000341180010e-01,2.998084817953028391e-01,9.061475839595017900e-01,6.189152822233165985e-01,6.770000000000000284e+01
7.656235051155090332e+01,-1.000000000000000056e-01,-1.264543291993605711e+00,-8.643715000341180010e-01,3.001717919594877326e-01,9.094982226384760171e-01,6.187481631768282364e-01,6.770000000000000284e+01
7.658467316627502441e+01,-1.000000000000000056e-01,-1.264358872107791631e+00,-8.643715000341180010e-01,2.999873720736736527e-01,9.064787200537165468e-01,6.186246936709084432e-01,6.770000000000000284e+01
7.660589623451232910e+01,-1.000000000000000056e-01,-1.261968225560070822e+00,-8.643715000341180010e-01,2.975967255259528432e-01,8.893535636102425368e-01,6.185779419665845547e-01,6.770000000000000284e+01
7.662278461456298828e+01,-1.000000000000000056e-01,-1.262088858438118022e+00,-8.643715000341180010e-01,2.977173584040000431e-01,8.905571142038213317e-01,6.184277340731203498e-01,6.770000000000000284e+01
7.664243197441101074e+01,-1.000000000000000056e-01,-1.262254417997527245e+00,-8.643715000341180010e-01,2.978829179634092661e-01,8.922339779167185458e-01,6.182741089096421838e-01,6.770000000000000284e+01
7.666869878768920898e+01,-1.000000000000000056e-01,-1.262258921581227433e+00,-8.643715000341180010e-01,2.978874215471094544e-01,8.919649859645146783e-01,6.181338025968128314e-01,6.770000000000000284e+01
7.668342828750610352e+01,-1.000000000000000056e-01,-1.262197093540160964e+00,-8.643715000341180010e-01,2.978255935060429849e-01,8.909419841087973246e-01,6.179987697581509343e-01,6.770000000000000284e+01
7.670232892036437988e+01,-1.000000000000000056e-01,-1.261774183931848814e+00,-8.643715000341180010e-01,2.974026838977308351e-01,8.882797590979458757e-01,6.178704841669158121e-01,6.770000000000000284e+01
7.672495698928833008e+01,-1.000000000000000056e-01,-1.261667534974044269e+00,-8.643715000341180010e-01,2.972960349399262903e-01,8.869654049109851890e-01,6.177377352415525102e-01,6.770000000000000284e+01
7.674257755279541016e+01,-1.000000000000000056e-01,-1.261584897446922815e+00,-8.643715000341180010e-01,2.972133974128048362e-01,8.859894206927820814e-01,6.176027799744051583e-01,6.770000000000000284e+01
7.676244544982910156e+01,-1.000000000000000056e-01,-1.261671279914540866e+00,-8.643715000341180010e-01,2.972997798804228875e-01,8.870093504744619439e-01,6.174540964966601653e-01,6.770000000000000284e+01
7.678470420837402344e+01,-1.000000000000000056e-01,-1.261517571877305954e+00,-8.643715000341180010e-01,2.971460718431879755e-01,8.852545611875950460e-01,6.173244543405094209e-01,6.770000000000000284e+01
7.680263924598693848e+01,-1.000000000000000056e-01,-1.260676458996883520e+00,-8.643715000341180010e-01,2.963049589627655411e-01,8.794814768965956153e-01,6.172155733247338683e-01,6.770000000000000284e+01
7.682225322723388672e+01,-1.000000000000000056e-01,-1.260584831668084327e+00,-8.643715000341180010e-01,2.962133316339663480e-01,8.785748450537373966e-01,6.170812787206521044e-01,6.770000000000000284e+01
7.684647035598754883e+01,-1.000000000000000056e-01,-1.260537037006788985e+00,-8.643715000341180010e-01,2.961655369726710063e-01,8.782194339425140051e-01,6.169432464621751322e-01,6.770000000000000284e+01
7.686259531974792480e+01,-1.000000000000000056e-01,-1.260431155743289899e+00,-8.643715000341180010e-01,2.960596557091719205e-01,8.771954836605291295e-01,6.168099223656902108e-01,6.770000000000000284e+01
7.688600039482116699e+01,-1.000000000000000056e-01,-1.260314544755294586e+00,-8.643715000341180010e-01,2.959430447211766069e-01,8.760828081898797137e-01,6.166773314180978849e-01,6.770000000000000284e+01
7.690262389183044434e+01,-1.000000000000000056e-01,-1.260262124335100875e+00,-8.643715000341180010e-01,2.958906243009828962e-01,8.761895186424335513e-01,6.165355941549344188e-01,6.770000000000000284e+01
7.692232203483581543e+01,-1.000000000000000056e-01,-1.260108790725229300e+00,-8.643715000341180010e-01,2.957372906911113208e-01,8.745556276394035322e-01,6.164070221371734659e-01,6.770000000000000284e+01
7.694524478912353516e+01,-1.000000000000000056e-01,-1.260295233028843054e+00,-8.643715000341180010e-01,2.959237329947250750e-01,8.770061736168501820e-01,6.162501576143625259e-01,6.770000000000000284e+01
7.696478223800659180e+01,-1.000000000000000056e-01,-1.260085365151738523e+00,-8.643715000341180010e-01,2.957138651176205446e-01,8.747439455138155129e-01,6.161257492214968767e-01,6.770000000000000284e+01
7.698402214050292969e+01,-1.000000000000000056e-01,-1.260149111251516851e+00,-8.643715000341180010e-01,2.957776112173988725e-01,8.756717591428230252e-01,6.159795817814847085e-01,6.770000000000000284e+01
7.700255799293518066e+01,-1.000000000000000056e-01,-1.259537986062378323e+00,-8.643715000341180010e-01,2.951664860282603442e-01,8.711501910510919267e-01,6.158665710446417085e-01,6.770000000000000284e+01
7.702487397193908691e+01,-1.000000000000000056e-01,-1.259464323853678458e+00,-8.643715000341180010e-01,2.950928238195604791e-01,8.706829715950501480e-01,6.157304127386701298e-01,6.770000000000000284e+01
7.704596781730651855e+01,-1.000000000000000056e-01,-1.259317694467864346e+00,-8.643715000341180010e-01,2.949461944337463670e-01,8.693592352934668144e-01,6.156003168046663143e-01,6.770000000000000284e+01
7.706273961067199707e+01,-1.000000000000000056e-01,-1.259136380733481220e+00,-8.643715000341180010e-01,2.947648806993632409e-01,8.676755781690668190e-01,6.154728940435186813e-01,6.770000000000000284e+01
7.708396673202514648e+01,-1.000000000000000056e-01,-1.259417104174977986e+00,-8.643715000341180010e-01,2.950456041408600072e-01,8.713023599825729937e-01,6.153090546788323456e-01,6.770000000000000284e+01
7.710576295852661133e+01,-1.000000000000000056e-01,-1.257864584834677002e+00,-8.643715000341180010e-01,2.934930848005590232e-01,8.595403224344240201e-01,6.152401649018448548e-01,6.770000000000000284e+01
7.712650513648986816e+01,-1.000000000000000056e-01,-1.257831451077568330e+00,-8.643715000341180010e-01,2.934599510434503511e-01,8.600922333785141483e-01,6.150981267090114279e-01,6.770000000000000284e+01
7.714268541336059570e+01,-1.000000000000000056e-01,-1.257664766770395293e+00,-8.643715000341180010e-01,2.932932667362773138e-01,8.590269376383452560e-01,6.149673471769141475e-01,6.770000000000000284e+01
7.716242122650146484e+01,-1.000000000000000056e-01,-1.257438076911991054e+00,-8.643715000341180010e-01,2.930665768778730751e-01,8.572992082860668717e-01,6.148413134427093141e-01,6.770000000000000284e+01
7.718309020996093750e+01,-1.000000000000000056e-01,-1.257275840937829292e+00,-8.643715000341180010e-01,2.929043409037113133e-01,8.563629094295943656e-01,6.147100283530639864e-01,6.770000000000000284e+01
7.720238518714904785e+01,-1.000000000000000056e-01,-1.258679891095924486e+00,-8.643715000341180010e-01,2.943083910618065069e-01,8.661838109477321135e-01,6.145182793242421893e-01,6.770000000000000284e+01
7.722449374198913574e+01,-1.000000000000000056e-01,-1.258774492425735803e+00,-8.643715000341180010e-01,2.944029923916178237e-01,8.679583031713102859e-01,6.143669928230397481e-01,6.770000000000000284e+01
7.724724340438842773e+01,-1.000000000000000056e-01,-1.258794529553905805e+00,-8.643715000341180010e-01,2.944230295197878267e-01,8.687586837559753139e-01,6.142223303693861158e-01,6.770000000000000284e+01
7.726424908638000488e+01,-1.000000000000000056e-01,-1.258883170610684887e+00,-8.643715000341180010e-01,2.945116705765669085e-01,8.701112199167910788e-01,6.140740107375510792e-01,6.770000000000000284e+01
7.728583669662475586e+01,-1.000000000000000056e-01,-1.258676141083084898e+00,-8.643715000341180010e-01,2.943046410489669196e-01,8.684270793347779183e-01,6.139460216841695628e-01,6.770000000000000284e+01
7.730444765090942383e+01,-1.000000000000000056e-01,-1.258898577909160599e+00,-8.643715000341180010e-01,2.945270778750426199e-01,8.701939626886905366e-01,6.137971643745673278e-01,6.770000000000000284e+01
7.732309269905090332e+01,-1.000000000000000056e-01,-1.258889324195546555e+00,-8.643715000341180010e-01,2.945178241614285763e-01,8.706557972576804971e-01,6.136543994690589754e-01,6.770000000000000284e+01
7.734232950210571289e+01,-1.000000000000000056e-01,-1.258647317412301625e+00,-8.643715000341180010e-01,2.942758173781836462e-01,8.683309361378810376e-01,6.135310395367556957e-01,6.770000000000000284e+01
7.736437606811523438e+01,-1.000000000000000056e-01,-1.258386810886525486e+00,-8.643715000341180010e-01,2.940153108524075076e-01,8.658787154910602135e-01,6.134088384359476231e-01,6.770000000000000284e+01
7.738542437553405762e+01,-1.000000000000000056e-01,-1.258178270053033065e+00,-8.643715000341180010e-01,2.938067700189150866e-01,8.641040085897319090e-01,6.132822855533537343e-01,6.770000000000000284e+01
7.740470385551452637e+01,-1.000000000000000056e-01,-1.258557709434432903e+00,-8.643715000341180010e-01,2.941862094003149242e-01,8.673904456152747855e-01,6.131242576907790509e-01,6.770000000000000284e+01
7.742257547378540039e+01,-1.000000000000000056e-01,-1.258338054500347969e+00,-8.643715000341180010e-01,2.939665544662299901e-01,8.656399326454056187e-01,6.129969314741338104e-01,6.770000000000000284e+01
7.744278812408447266e+01,-1.000000000000000056e-01,-1.258028986252464287e+00,-8.643715000341180010e-01,2.936574862183463086e-01,8.629017405679628716e-01,6.128766936801263165e-01,6.770000000000000284e+01
7.746406650543212891e+01,-1.000000000000000056e-01,-1.257981134552767166e+00,-8.643715000341180010e-01,2.936096345186491874e-01,8.633036910779217088e-01,6.127350048455467713e-01,6.770000000000000284e+01
7.749059724807739258e+01,-1.000000000000000056e-01,-1.257767725887402044e+00,-8.643715000341180010e-01,2.933962258532840650e-01,8.618053456515853972e-01,6.126063819273536160e-01,6.770000000000000284e+01
7.750276827812194824e+01,-1.000000000000000056e-01,-1.259221381337747303e+00,-8.643715000341180010e-01,2.948498813036293242e-01,8.730670396654496290e-01,6.124019164496767864e-01,6.770000000000000284e+01
7.752253842353820801e+01,-1.000000000000000056e-01,-1.259179797183933802e+00,-8.643715000341180010e-01,2.948082971498158233e-01,8.728842797549472010e-01,6.122635674006826623e-01,6.770000000000000284e+01
7.754236483573913574e+01,-1.000000000000000056e-01,-1.259136005606708686e+00,-8.643715000341180010e-01,2.947645055725907071e-01,8.726700165407647036e-01,6.121254818499251016e-01,6.770000000000000284e+01
7.756496477127075195e+01,-1.000000000000000056e-01,-1.259226517609729257e+00,-8.643715000341180010e-01,2.948550175756112779e-01,8.740093666217416679e-01,6.119766751824315953e-01,6.770000000000000284e+01
7.758833861351013184e+01,-1.000000000000000056e-01,-1.259205079711696929e+00,-8.643715000341180010e-01,2.948335796775789497e-01,8.740098010933941008e-01,6.118369694436016637e-01,6.770000000000000284e+01
7.760603404045104980e+01,-1.000000000000000056e-01,-1.260857119910748558e+00,-8.643715000341180010e-01,2.964856198766305795e-01,8.861748249456234960e-01,6.116265536223784993e-01,6.770000000000000284e+01
7.762469863891601562e+01,-1.000000000000000056e-01,-1.260671192889323722e+00,-8.643715000341180010e-01,2.962996928552057430e-01,8.840602304634228581e-01,6.114995491498027569e-01,6.770000000000000284e+01
7.764258718490600586e+01,-1.000000000000000056e-01,-1.260558685675279511e+00,-8.643715000341180010e-01,2.961871856411615322e-01,8.829033644443471385e-01,6.113661225300388580e-01,6.770000000000000284e+01
7.766230797767639160e+01,-1.000000000000000056e-01,-1.260467266276965370e+00,-8.643715000341180010e-01,2.960957662428473913e-01,8.820353525916688753e-01,6.112308135829995770e-01,6.770000000000000284e+01
7.768797564506530762e+01,-1.000000000000000056e-01,-1.260317090109865035e+00,-8.643715000341180010e-01,2.959455900757470559e-01,8.805293132617126872e-01,6.111000110628068693e-01,6.770000000000000284e+01
7.770255446434020996e+01,-1.000000000000000056e-01,-1.261822940598782194e+00,-8.643715000341180010e-01,2.974514405646642157e-01,8.922497894714593869e-01,6.108890478138182534e-01,6.770000000000000284e+01
7.772255730628967285e+01,-1.000000000000000056e-01,-1.261847757006420601e+00,-8.643715000341180010e-01,2.974762569723026218e-01,8.918802636247112892e-01,6.107501153057359744e-01,6.770000000000000284e+01
7.774578142166137695e+01,-1.000000000000000056e-01,-1.262082778337999311e+00,-8.643715000341180010e-01,2.977112783038813326e-01,8.940026262166019810e-01,6.105938498509181356e-01,6.770000000000000284e+01
7.776416850090026855e+01,-1.000000000000000056e-01,-1.262295987955273979e+00,-8.643715000341180010e-01,2.979244879211560004e-01,8.957602367906261076e-01,6.104399139248021244e-01,6.770000000000000284e+01
7.778233313560485840e+01,-1.000000000000000056e-01,-1.262401972337607869e+00,-8.643715000341180010e-01,2.980304723034898906e-01,8.962098135654981146e-01,6.102948384663359205e-01,6.770000000000000284e+01
7.780325508117675781e+01,-1.000000000000000056e-01,-1.262352902844857461e+00,-8.643715000341180010e-01,2.979814028107394819e-01,8.954313638709032741e-01,6.101571147351710911e-01,6.770000000000000284e+01
7.782260203361511230e+01,-1.000000000000000056e-01,-1.262475335166566293e+00,-8.643715000341180010e-01,2.981038351324483138e-01,8.965468369903070167e-01,6.100065791964133233e-01,6.770000000000000284e+01
7.784238433837890625e+01,-1.000000000000000056e-01,-1.262744059300849209e+00,-8.643715000341180010e-01,2.983725592667312299e-01,8.993398346921783748e-01,6.098442409190412139e-01,6.770000000000000284e+01
7.786239337921142578e+01,-1.000000000000000056e-01,-1.262607922897921231e+00,-8.643715000341180010e-01,2.982364228638032522e-01,8.973149160799219759e-01,6.097149965412274053e-01,6.770000000000000284e+01
7.788235831260681152e+01,-1.000000000000000056e-01,-1.262713565872100707e+00,-8.643715000341180010e-01,2.983420658379827284e-01,8.981118909340108925e-01,6.095665406054014968e-01,6.770000000000000284e+01
7.790612506866455078e+01,-1.000000000000000056e-01,-1.262009706714167789e+00,-8.643715000341180010e-01,2.976382066800498105e-01,8.925120727560807987e-01,6.094566538920607179e-01,6.770000000000000284e+01
7.792475414276123047e+01,-1.000000000000000056e-01,-1.262200216925728036e+00,-8.643715000341180010e-01,2.978287168916100569e-01,8.946236298998935244e-01,6.092993914441036107e-01,6.770000000000000284e+01
7.794378137588500977e+01,-1.000000000000000056e-01,-1.262365935028808561e+00,-8.643715000341180010e-01,2.979944349946905824e-01,8.963460477409411764e-01,6.091446163533581482e-01,6.770000000000000284e+01
7.796553468704223633e+01,-1.000000000000000056e-01,-1.262201053684824714e+00,-8.643715000341180010e-01,2.978295536507067354e-01,8.941581590628004950e-01,6.090167604925660338e-01,6.770000000000000284e+01
7.798769736289978027e+01,-1.000000000000000056e-01,-1.262131101595209026e+00,-8.643715000341180010e-01,2.977596015610910474e-01,8.931322334321486478e-01,6.088811508378700887e-01,6.770000000000000284e+01
7.800262427330017090e+01,-1.000000000000000056e-01,-1.260719671010710696e+00,-8.643715000341180010e-01,2.963481709765927175e-01,8.833933802767161003e-01,6.087932564766836974e-01,6.770000000000000284e+01
7.802527284622192383e+01,-1.000000000000000056e-01,-1.260465524085343514e+00,-8.643715000341180010e-01,2.960940240512255350e-01,8.804126641085757710e-01,6.086729316200458761e-01,6.770000000000000284e+01
7.804863023757934570e+01,-1.000000000000000056e-01,-1.260604420463548037e+00,-8.643715000341180010e-01,2.962329204294300578e-01,8.822078217565951785e-01,6.085196322375004963e-01,6.770000000000000284e+01
7.806275320053100586e+01,-1.000000000000000056e-01,-1.260534720935522879e+00,-8.643715000341180010e-01,2.961632209014049000e-01,8.815008637240389078e-01,6.083835215371069527e-01,6.770000000000000284e+01
7.808485698699951172e+01,-1.000000000000000056e-01,-1.260286614765912416e+00,-8.643715000341180010e-01,2.959151147317944375e-01,8.787852053064746372e-01,6.082613556946544486e-01,6.770000000000000284e+01
7.810252976417541504e+01,-1.000000000000000056e-01,-1.260458964562827022e+00,-8.643715000341180010e-01,2.960874645287090434e-01,8.815258695984644621e-01,6.081007912579312613e-01,6.770000000000000284e+01
7.812526559829711914e+01,-1.000000000000000056e-01,-1.260440246176213641e+00,-8.643715000341180010e-01,2.960926656417199876e-01,8.811361478378442191e-01,6.079636577958298371e-01,6.770000000000000284e+01
7.814746236801147461e+01,-1.000000000000000056e-01,-1.260404321159646290e+00,-8.643715000341180010e-01,2.960328211255283115e-01,8.802610805290802531e-01,6.078294643088884008e-01,6.770000000000000284e+01
7.816660284996032715e+01,-1.000000000000000056e-01,-1.260641224108366432e+00,-8.643715000341180010e-01,2.962697240742484528e-01,8.826995071867641540e-01,6.076727051240874422e-01,6.770000000000000284e+01
7.818306303024291992e+01,-1.000000000000000056e-01,-1.260834504496818109e+00,-8.643715000341180010e-01,2.964630044627001304e-01,8.845282922697230710e-01,6.075198959780064856e-01,6.770000000000000284e+01
7.820817422866821289e+01,-1.000000000000000056e-01,-1.258071035470843313e+00,-8.643715000341180010e-01,2.936995354367253341e-01,8.639359643072154205e-01,6.074998502012841639e-01,6.770000000000000284e+01
7.822254562377929688e+01,-1.000000000000000056e-01,-1.258055605879857985e+00,-8.643715000341180010e-01,2.936841058457400067e-01,8.645012145689814353e-01,6.073572304028213020e-01,6.770000000000000284e+01
7.824232411384582520e+01,-1.000000000000000056e-01,-1.258110532964520578e+00,-8.643715000341180010e-01,2.937390329304025993e-01,8.658636654297013902e-01,6.072089851407741490e-01,6.770000000000000284e+01
7.826224517822265625e+01,-1.000000000000000056e-01,-1.257862905062643755e+00,-8.643715000341180010e-01,2.934914050285257758e-01,8.636500427976622207e-01,6.070854240517209455e-01,6.770000000000000284e+01
7.828651523590087891e+01,-1.000000000000000056e-01,-1.257663509341202968e+00,-8.643715000341180010e-01,2.932920093070849887e-01,8.620629017895069524e-01,6.069578144873346570e-01,6.770000000000000284e+01
7.830252718925476074e+01,-1.000000000000000056e-01,-1.255315885965688327e+00,-8.643715000341180010e-01,2.909443859315703484e-01,8.463128278016499584e-01,6.069084764011303257e-01,6.770000000000000284e+01
7.832242202758789062e+01,-1.000000000000000056e-01,-1.255163331262237225e+00,-8.643715000341180010e-01,2.907918312281192463e-01,8.455432766830019986e-01,6.067780272432113930e-01,6.770000000000000284e+01
7.834251761436462402e+01,-1.000000000000000056e-01,-1.254921920303255334e+00,-8.643715000341180010e-01,2.905504202691373550e-01,8.437321114521549870e-01,6.066549628754832613e-01,6.770000000000000284e+01
7.836254453659057617e+01,-1.000000000000000056e-01,-1.254718921734869985e+00,-8.643715000341180010e-01,2.903474217007520064e-01,8.424194775570257310e-01,6.065286850278152064e-01,6.770000000000000284e+01
