0.000000000000000000e+00,0.000000000000000000e+00,0.000000000000000000e+00,0.000000000000000000e+00
5.556088018417358398e+01,3.422698407440002283e-02,-1.842658149735066364e-01,3.827583125898662009e-01
5.562924718856811523e+01,3.627529207191263622e-02,-1.730687826287067854e-01,3.833143640396301510e-01
5.570098376274108887e+01,3.717568993978436626e-02,-1.756935901739786476e-01,4.043383118301127621e-01
5.579286122322082520e+01,2.570592068752716036e-02,-1.806945352776650748e-01,4.225853611724796899e-01
5.587681818008422852e+01,2.012278818466537236e-02,-1.842525428508778040e-01,4.402731071362549486e-01
5.592629289627075195e+01,2.648594523981059878e-02,-1.850458171185426770e-01,4.556515503538660639e-01
5.602907085418701172e+01,2.995046051739884418e-02,-1.891967174273705976e-01,4.726458307545211013e-01
5.616240859031677246e+01,2.859869032637658848e-02,-1.914494208274262477e-01,4.818895056834570645e-01
5.625104022026062012e+01,2.614913176938609210e-02,-1.897223907974646684e-01,4.871871115377638950e-01
5.643195080757141113e+01,3.183218077256969036e-02,-1.880198448578453974e-01,4.924415158581335050e-01
5.649334597587585449e+01,3.888141577114002240e-02,-1.891482000772906347e-01,4.968876938065701077e-01
5.655050492286682129e+01,4.564484773226225311e-02,-1.840062363239468590e-01,4.982370755067591084e-01
5.672918653488159180e+01,4.902105130228247287e-02,-1.840996742299258748e-01,4.995706024819666635e-01
5.680667543411254883e+01,4.049477040957058516e-02,-1.908954202008237011e-01,4.970905340449690568e-01
5.696892404556274414e+01,3.188313972964515464e-02,-1.979115454994022361e-01,4.929883003929783070e-01
5.703664565086364746e+01,3.000000680923843588e-02,-2.034537959384347117e-01,4.906013571123203909e-01
5.712297320365905762e+01,2.712709454127987946e-02,-2.072505576363612156e-01,4.916349783013923558e-01
5.719114732742309570e+01,2.426977546087387763e-02,-2.058574589958492296e-01,4.908323649438580683e-01
5.731292510032653809e+01,2.023375098018693682e-02,-2.062259542266454970e-01,4.919624843485875809e-01
5.736868166923522949e+01,1.621559461223061674e-02,-2.094915402509484881e-01,4.912698343148609870e-01
5.749492025375366211e+01,1.001553236268933576e-02,-2.129249031908279355e-01,4.918069903354623795e-01
5.759290504455566406e+01,-2.036239702073101062e-03,-2.148730593546475942e-01,4.860902277697126683e-01
5.769492888450622559e+01,-6.294699471973010108e-03,-2.168098107575482381e-01,4.837764877800872498e-01
5.777100324630737305e+01,-9.175138967938699028e-03,-2.152300508024578563e-01,4.826594206244402274e-01
5.784414863586425781e+01,-2.012630787434361440e-02,-2.181123205028711598e-01,4.815262022458710600e-01
5.794370102882385254e+01,-3.298438707511786722e-02,-2.209986899768806856e-01,4.817400148168773377e-01
5.806652069091796875e+01,-3.616018061904667513e-02,-2.227909498518839959e-01,4.795998189954678304e-01
5.812915515899658203e+01,-3.665146777497857444e-02,-2.236991145276812087e-01,4.782652104445355712e-01
5.822364568710327148e+01,-4.368300505502529379e-02,-2.208728947159787070e-01,4.790301372358588550e-01
5.834402108192443848e+01,-4.984847185256462837e-02,-2.183186242236477559e-01,4.742000183000777969e-01
5.846531248092651367e+01,-4.482108645914555795e-02,-2.240535336286787749e-01,4.724115672549692446e-01
5.863207221031188965e+01,-3.317217883940875439e-02,-2.274767813270894279e-01,4.728938159252816242e-01
5.875035500526428223e+01,-2.276975243303728733e-02,-2.363850197501786154e-01,4.778810283944777137e-01
5.885354852676391602e+01,-2.268823800886100514e-02,-2.382259893641081872e-01,4.765363001280814026e-01
5.898219537734985352e+01,-1.638554314303457965e-02,-2.361416697456905356e-01,4.722771332752139783e-01
5.902822041511535645e+01,-1.098313979326335892e-02,-2.299042927485353549e-01,4.715367855529674634e-01
5.911340594291687012e+01,-1.777206108149324837e-02,-2.312177990232313907e-01,4.710899322924689270e-01
5.918234705924987793e+01,-2.222705962500898941e-02,-2.339243909211329853e-01,4.682989280355808748e-01
5.926186776161193848e+01,-2.019363402191229687e-02,-2.320888570121280581e-01,4.697415835975732312e-01
5.948994779586791992e+01,-1.813719658810774779e-02,-2.286384640584228356e-01,4.739178377923169982e-01
5.960424494743347168e+01,-1.815840689167491986e-02,-2.225918899854638089e-01,4.731057836453300691e-01
5.971750450134277344e+01,-1.508915516687960902e-02,-2.201743948413966978e-01,4.759453584724380737e-01
5.978063201904296875e+01,-1.410163485932271026e-02,-2.228100855341562381e-01,4.781205338393835214e-01
5.986929941177368164e+01,-1.364927283148784608e-02,-2.236136040721736218e-01,4.783489904178970797e-01
5.994303178787231445e+01,-1.217033569977810092e-02,-2.227404705876298019e-01,4.781780445838155758e-01
6.004387164115905762e+01,-1.442785832127095602e-02,-2.248775077598354211e-01,4.801252589504789170e-01
6.012773227691650391e+01,-1.366904619489671055e-02,-2.249132032409327242e-01,4.802288898793439786e-01
6.017026948928833008e+01,-1.387609535489092716e-02,-2.261307586265038638e-01,4.803647452926374517e-01
6.028694820404052734e+01,-1.566849551131970289e-02,-2.277336642983673332e-01,4.823671553166096748e-01
6.031001162528991699e+01,-1.703073568495545864e-02,-2.283279143299185854e-01,4.804870841353660049e-01
6.045347476005554199e+01,-1.468393569067333836e-02,-2.301822981746732832e-01,4.826507991072190862e-01
6.053615856170654297e+01,-1.452555925067829275e-02,-2.321795328781164625e-01,4.842442559581083827e-01
6.079367136955261230e+01,-1.697165788539036282e-02,-2.317780188967266397e-01,4.841283767291414408e-01
6.089865207672119141e+01,-1.718898143068229786e-02,-2.319255183366609185e-01,4.820730096984474078e-01
6.101267814636230469e+01,-1.769944889788795106e-02,-2.322077374524286475e-01,4.823542796684340828e-01
6.113229990005493164e+01,-1.834616441452892321e-02,-2.320425879066306818e-01,4.841120461901641803e-01
6.118834757804870605e+01,-1.899098250905046151e-02,-2.318317379979492887e-01,4.837909710615801995e-01
6.125873756408691406e+01,-1.856100943753216312e-02,-2.301596829826116630e-01,4.833747730986780455e-01
6.139331674575805664e+01,-1.929781552177710358e-02,-2.311071155800218102e-01,4.837449069752580710e-01
6.147936081886291504e+01,-2.078160299561251576e-02,-2.301252781833107997e-01,4.835058158040578813e-01
6.155837774276733398e+01,-2.316213593790790101e-02,-2.261443253279945831e-01,4.843566776387416284e-01
6.160604476928710938e+01,-2.435281919890496319e-02,-2.251729390398950759e-01,4.860137542181591774e-01
6.177235388755798340e+01,-1.867492766193853959e-02,-2.230779504412604974e-01,4.880206941197208770e-01
6.184991812705993652e+01,-1.943132988088246832e-02,-2.238617568020970228e-01,4.897520969854089468e-01
6.195248055458068848e+01,-2.541667943682963601e-02,-2.261687812049247848e-01,4.896351100524239386e-01
6.207497406005859375e+01,-2.585308477444352854e-02,-2.276651267987456206e-01,4.880599490452440792e-01
6.210124707221984863e+01,-2.656741000122440216e-02,-2.287371673753292867e-01,4.895764511051491352e-01
6.222610139846801758e+01,-3.016285903466120813e-02,-2.324059244459758256e-01,4.904598200071721981e-01
6.229134559631347656e+01,-3.395784370931495544e-02,-2.380229970161889808e-01,4.896543943425513690e-01
6.246293115615844727e+01,-3.963127095555191159e-02,-2.524175625410997603e-01,4.930440193250152925e-01
6.259320235252380371e+01,-3.571528568012299204e-02,-2.454665101245497305e-01,4.895745234247957378e-01
6.273049378395080566e+01,-3.741028475199208170e-02,-2.326649729076707973e-01,4.876699018565125443e-01
6.284268927574157715e+01,-3.295650435667188405e-02,-2.305047426126221322e-01,4.870319553474665164e-01
6.293384885787963867e+01,-2.968645629793073212e-02,-2.292848659434718606e-01,4.868712356991717338e-01
6.298943209648132324e+01,-2.867439940067899318e-02,-2.337368733264105769e-01,4.888341694990264164e-01
6.312253737449645996e+01,-2.720877200921724415e-02,-2.366861380649488145e-01,4.859722511471303852e-01
6.325113058090209961e+01,-2.133903106467881575e-02,-2.348582775985729731e-01,4.843028314686243507e-01
6.334929251670837402e+01,-1.726404337118812859e-02,-2.338186099934804474e-01,4.856626609957642171e-01
6.344664072990417480e+01,-1.648146521030097525e-02,-2.332477142790337632e-01,4.854246497965569729e-01
6.352427864074707031e+01,-1.675948828260002271e-02,-2.323928814880722449e-01,4.868389820874045038e-01
6.361885929107666016e+01,-1.679940169211552314e-02,-2.305292708220396114e-01,4.864383397091113781e-01
6.369963979721069336e+01,-1.480387980111526336e-02,-2.288005119894905570e-01,4.863137061018708573e-01
6.383446145057678223e+01,-8.932238187954594927e-03,-2.257387998387161698e-01,4.879117903660881717e-01
6.393939352035522461e+01,-4.443296330904329336e-03,-2.223144625003943831e-01,4.880181759874965830e-01
6.406479382514953613e+01,-5.919802946210823286e-03,-2.251057477645912741e-01,4.916835581073788486e-01
6.418638849258422852e+01,-5.747638541766785306e-03,-2.224690112576499790e-01,4.929464126687786441e-01
6.431350302696228027e+01,-2.905637398655750315e-03,-2.197499397466309290e-01,4.911294200203788485e-01
6.442518401145935059e+01,-4.073268623042888663e-03,-2.211806249083367315e-01,4.924074544792850783e-01
6.449266266822814941e+01,-6.891672251560405048e-03,-2.222595512899583903e-01,4.937079112004798542e-01
6.458335757255554199e+01,-5.622910551687326959e-03,-2.191566826354216235e-01,4.951723728406984826e-01
6.465659761428833008e+01,-3.076632061130229936e-03,-2.168935672479300747e-01,4.990901971157333250e-01
6.475675821304321289e+01,-2.140345324409284686e-03,-2.165748436949233025e-01,5.008817980850774898e-01
6.482414293289184570e+01,-1.697292846174394861e-03,-2.152563167199303684e-01,5.002858915553298758e-01
6.490195775032043457e+01,-7.554647511953694336e-04,-2.156893435307188356e-01,5.004895948385700288e-01
6.501670885086059570e+01,1.924901373309350142e-03,-2.170093125815213131e-01,4.974977668450953350e-01
6.517416596412658691e+01,7.253442893913643330e-03,-2.190599169902908705e-01,4.995108618609410134e-01
6.526984143257141113e+01,7.117271488559128584e-03,-2.170742231300344383e-01,4.987873771939922429e-01
6.535939121246337891e+01,8.036788966567350034e-03,-2.152936596158407379e-01,4.974858437150916357e-01
6.545491957664489746e+01,1.197759765545611775e-02,-2.169012126143944064e-01,4.995969882207015877e-01
6.558840584754943848e+01,9.364491460462628925e-03,-2.173306331806053315e-01,4.993266471133038786e-01
6.570860171318054199e+01,9.524235862736853131e-03,-2.170655794164451646e-01,4.978492434820175894e-01
6.580163049697875977e+01,1.289182730749352176e-02,-2.206918036271203476e-01,4.945017311827438755e-01
6.587441945075988770e+01,1.095007409591544287e-02,-2.243012034197834070e-01,4.939204455518970693e-01
6.596653151512145996e+01,9.551059995566381702e-03,-2.211984428152688198e-01,4.907953390690784068e-01
6.607108235359191895e+01,1.104342243926897081e-02,-2.190539490904284403e-01,4.925277693758394193e-01
6.618958878517150879e+01,1.139517928681907551e-02,-2.174357126148788733e-01,4.958942096196892746e-01
6.626759552955627441e+01,8.848426492125542955e-03,-2.153427564827514185e-01,4.977179884724377557e-01
6.634909605979919434e+01,6.438971228176210496e-03,-2.130670098092911358e-01,4.970344193959255752e-01
6.641751241683959961e+01,5.779564918433155972e-03,-2.135935357780182065e-01,4.988969577636593877e-01
6.652795100212097168e+01,5.586811485884827719e-03,-2.134603384024487682e-01,4.990428735005273952e-01
6.659888887405395508e+01,2.620344860790527978e-03,-2.136978889385012514e-01,4.983266899243838366e-01
6.669594192504882812e+01,4.773966448137511621e-04,-2.143436842384885410e-01,4.988710360039478875e-01
6.690014410018920898e+01,1.455149949293918195e-03,-2.109432239655566199e-01,4.992327266738413316e-01
6.701081061363220215e+01,5.082910676053447978e-03,-2.098445482022182618e-01,5.001102833090781408e-01
6.709948277473449707e+01,4.076447407281170564e-04,-2.101149684470323686e-01,5.028380503912160959e-01
6.718871974945068359e+01,-4.125607083698305984e-03,-2.102313627650013172e-01,5.024204128904011801e-01
6.726966595649719238e+01,-1.891981134284440817e-03,-2.094831517045874225e-01,5.006593450670865364e-01
6.736587595939636230e+01,-1.349265489948827485e-03,-2.122933100486321112e-01,5.004114757236035604e-01
6.746228694915771484e+01,-3.240638424420708326e-03,-2.122333058961233809e-01,5.001544699046043263e-01
6.750324535369873047e+01,-4.766498124456042241e-04,-2.114864444922870124e-01,5.020599784300827650e-01
6.759013009071350098e+01,-3.237243714206322121e-04,-2.120886227933582724e-01,5.038737920267801762e-01
6.768412375450134277e+01,-9.781401376913391888e-04,-2.088561309182975223e-01,5.017818943711258584e-01
6.784154582023620605e+01,-3.172694392656337016e-04,-2.102517498337670432e-01,5.029152357127815165e-01
6.790737318992614746e+01,-5.830582618081889658e-04,-2.112093774017191894e-01,5.014025078490230714e-01
6.799321341514587402e+01,-3.045794948450787198e-03,-2.103767442932200915e-01,5.009887908396085665e-01
6.808805298805236816e+01,-4.156739615164732095e-03,-2.090520279527343372e-01,5.022725791574820242e-01
6.827154612541198730e+01,-5.790198614773680620e-03,-2.089638485351691943e-01,5.040510035365614039e-01
6.836063241958618164e+01,-7.162900021071638181e-03,-2.067926856803116720e-01,5.044157245234228704e-01
6.845078468322753906e+01,-6.238639754682252271e-03,-2.056939844164126785e-01,5.054060453537008168e-01
6.853085112571716309e+01,-6.475447908867055027e-03,-2.064208252808627242e-01,5.057406537778024180e-01
6.872282409667968750e+01,-6.887280659776953522e-03,-2.062414201094770749e-01,5.054851844021914786e-01
6.881932902336120605e+01,-6.834766577070387934e-03,-2.050764111045041138e-01,5.054307269381066448e-01
6.893147087097167969e+01,-7.417072756462304503e-03,-2.058745875621821042e-01,5.055955984437238149e-01
6.902146959304809570e+01,-8.198325463142797781e-03,-2.073822291175864418e-01,5.040844189086097771e-01
6.910135054588317871e+01,-7.419446472150073926e-03,-2.060585479322646907e-01,5.018948754696822556e-01
6.919034767150878906e+01,-6.946529712100662189e-03,-2.089459615656772407e-01,5.057680151239382083e-01
6.928709983825683594e+01,-7.531518123985114777e-03,-2.075917088635845786e-01,5.043066827774534966e-01
6.936421108245849609e+01,-7.601632678412259189e-03,-2.077679203190189172e-01,5.043392253412953830e-01
6.947081327438354492e+01,-5.482145180275514035e-03,-2.078514718601145450e-01,5.039986552871660308e-01
6.955055499076843262e+01,-6.166765235339707191e-03,-2.070203415828228977e-01,5.039794259369350105e-01
6.961110091209411621e+01,-6.376885821606812638e-03,-2.088763726840917045e-01,5.053174960946782424e-01
6.971558046340942383e+01,-5.259179019421772461e-03,-2.087508656965881559e-01,5.043879576821536093e-01
6.986211991310119629e+01,-6.966509082521073377e-03,-2.099683566105805810e-01,5.058213531122685014e-01
6.999786710739135742e+01,-7.085207018617345129e-03,-2.088593931259251357e-01,5.039547461484107371e-01
7.008287048339843750e+01,-7.484483713111458880e-03,-2.108546006134228989e-01,5.058570266567092855e-01
7.016792273521423340e+01,-9.153730095724323113e-03,-2.101924097008198711e-01,5.035123684765461238e-01
7.026793885231018066e+01,-8.752869258646728962e-03,-2.098232718515545547e-01,5.031466189430738867e-01
7.033422636985778809e+01,-6.696047432295617816e-03,-2.106149162629732674e-01,5.034241573356266208e-01
7.048435664176940918e+01,-5.256628575545165515e-03,-2.108198742292930472e-01,5.058731004625470762e-01
7.057862472534179688e+01,-6.635172441586758424e-03,-2.093974981153455817e-01,5.050127666992437758e-01
7.062868928909301758e+01,-7.056687305339631906e-03,-2.096153458536325342e-01,5.067903886720231954e-01
7.072529649734497070e+01,-5.779052225235779480e-03,-2.094479791900968335e-01,5.048266154172552644e-01
7.087187695503234863e+01,-5.403784072150256274e-03,-2.084997585813034293e-01,5.062805336294784464e-01
7.095605540275573730e+01,-5.885689847993877746e-03,-2.095785240819620088e-01,5.067554404536150914e-01
7.100982475280761719e+01,-5.133419895872028647e-03,-2.074298873293929368e-01,5.061095727253205334e-01
7.106154966354370117e+01,-4.706000303114453789e-03,-2.077496346326228038e-01,5.061808757889859622e-01
7.113255286216735840e+01,-6.083589023120701024e-03,-2.087896991725156359e-01,5.060539558720015263e-01
7.126701235771179199e+01,-6.816155460724666708e-03,-2.100807680881515704e-01,5.066950627463829848e-01
7.132541155815124512e+01,-7.556738579289619222e-03,-2.100501900783081910e-01,5.063050953462738812e-01
7.142661833763122559e+01,-8.108847611603154162e-03,-2.094678626156590839e-01,5.065852864686642976e-01
7.157923865318298340e+01,-7.705783856293366846e-03,-2.087240526213438585e-01,5.063288873744640206e-01
7.168185901641845703e+01,-6.064258542660646775e-03,-2.065223103102639124e-01,5.061275871003840798e-01
7.186822700500488281e+01,-5.915637217441386576e-03,-2.062380991051789569e-01,5.063519658557362746e-01
7.192965912818908691e+01,-5.671686230878724561e-03,-2.051562386701569485e-01,5.083586723372018890e-01
7.200656175613403320e+01,-4.754095583284437092e-03,-2.052693032286027897e-01,5.089971672148896342e-01
7.210206294059753418e+01,-4.709887954588687017e-03,-2.043738493436722814e-01,5.125672687033868691e-01
7.222600936889648438e+01,-5.504491187827888037e-03,-2.039898057726661218e-01,5.109372280192970850e-01
7.232690334320068359e+01,-5.000788991283391244e-03,-2.057653816568452143e-01,5.106922766211746678e-01
7.242673397064208984e+01,-4.263119525512670815e-03,-2.059303041886334507e-01,5.090588324270542975e-01
7.251083827018737793e+01,-6.187392113832944698e-03,-2.061530614635614933e-01,5.129128908046894919e-01
7.258995127677917480e+01,-7.009375578072386814e-03,-2.011671941978200873e-01,5.141275478735038984e-01
7.266529583930969238e+01,-5.239210989797607812e-03,-2.022197430423237630e-01,5.128382182111718146e-01
7.274681544303894043e+01,-3.800346526323104043e-03,-2.031382224248217683e-01,5.149730148666346041e-01
7.287174010276794434e+01,-6.023770443557134938e-03,-2.038895946263530323e-01,5.148604911129448514e-01
7.308787870407104492e+01,-4.836099698733069621e-03,-2.044635564904251634e-01,5.143797621395383990e-01
7.318656015396118164e+01,-4.734187232618662124e-03,-2.043783233664602794e-01,5.124377348716369074e-01
7.327807760238647461e+01,-4.591019116756103052e-03,-2.041939888387435398e-01,5.123353998331847681e-01
7.337274765968322754e+01,-3.664861974168842976e-03,-2.043103026649804033e-01,5.129956919406907234e-01
7.347484087944030762e+01,-3.414592724718387012e-03,-2.054390141855045315e-01,5.142920651462461468e-01
7.357361531257629395e+01,-2.810814205086809101e-03,-2.020835530565587013e-01,5.145646817557056885e-01
7.363290095329284668e+01,-2.530473637502261581e-03,-2.036115948687559074e-01,5.163249504786907584e-01
7.374091053009033203e+01,-2.759508018181808416e-03,-2.035320895369151784e-01,5.148608122350335492e-01
7.382976102828979492e+01,-3.084767321851349803e-03,-2.024503816553607227e-01,5.161362223456782417e-01
7.391920757293701172e+01,-3.606578331559223694e-03,-2.034069728577921066e-01,5.155695943541835913e-01
7.401839160919189453e+01,-3.221710936072475634e-03,-2.030113089300157048e-01,5.139462637233374043e-01
7.415875768661499023e+01,-4.330232342061411145e-03,-2.045719107375694179e-01,5.139309255043952307e-01
7.425444531440734863e+01,-3.496644571628871549e-03,-2.050116839330221874e-01,5.151707173994918287e-01
7.431708288192749023e+01,-4.900733812136086678e-03,-2.042812556047243211e-01,5.135107903622796455e-01
7.440659022331237793e+01,-6.187470333737852927e-03,-2.042585730413337408e-01,5.153477336311360624e-01
7.449118328094482422e+01,-6.839565349767966033e-03,-2.045143350275701877e-01,5.150592378286393824e-01
7.459282159805297852e+01,-6.454747472186313749e-03,-2.050054362352569381e-01,5.133028889911569470e-01
7.468124651908874512e+01,-8.770253115687296971e-03,-2.054370386459259679e-01,5.131174767187579588e-01
7.476965022087097168e+01,-8.572243688230066910e-03,-2.064752847569599203e-01,5.128537747639040356e-01
7.484439182281494141e+01,-8.989929193886017286e-03,-2.059281684778114518e-01,5.127534646257463358e-01
7.491335010528564453e+01,-7.976396967014961342e-03,-2.017078300086367904e-01,5.130576935485171575e-01
7.501020216941833496e+01,-8.954241698566163185e-03,-1.995410362359607004e-01,5.160531201821078051e-01
7.511687612533569336e+01,-9.589950452361222996e-03,-1.975397464338831677e-01,5.159365364135148901e-01
7.522152090072631836e+01,-7.973523079567989072e-03,-1.980710546235047997e-01,5.164491417090204539e-01
7.531928491592407227e+01,-8.471339134806072160e-03,-1.977593185169648493e-01,5.162001684399355472e-01
7.542882633209228516e+01,-1.060917354306801542e-02,-1.993992617149751290e-01,5.166524052703439507e-01
7.551470971107482910e+01,-1.232073541242961236e-02,-2.000238638654595336e-01,5.162737997052194716e-01
7.577772307395935059e+01,-1.325607572499777446e-02,-1.986690322886983662e-01,5.145388778394672791e-01
7.586420392990112305e+01,-1.429239574336455681e-02,-1.974714541368030596e-01,5.148643963209692531e-01
7.595496606826782227e+01,-1.634741776955857956e-02,-1.981246755537026394e-01,5.154904983586323652e-01
7.608725023269653320e+01,-1.795277332292439035e-02,-1.974451398902196120e-01,5.152275322156905091e-01
7.615778017044067383e+01,-1.896906000204658105e-02,-1.948853324296321854e-01,5.145830666088259120e-01
7.623027276992797852e+01,-1.912624617418145004e-02,-1.949426138886815874e-01,5.165952701433754735e-01
7.631384754180908203e+01,-1.802747307651843267e-02,-1.944069818033619668e-01,5.166116810575361873e-01
7.647864770889282227e+01,-1.825724161087725547e-02,-1.947921159489285070e-01,5.167965666930786073e-01
7.649661540985107422e+01,-1.895620483682198751e-02,-1.965629579890117162e-01,5.170641380894934747e-01
7.658423447608947754e+01,-1.959460376981071034e-02,-1.965172068451856158e-01,5.150866333250205820e-01
7.665460467338562012e+01,-2.021690159506358414e-02,-1.964184696770609195e-01,5.151732012784828729e-01
7.675001287460327148e+01,-2.112822836406105451e-02,-1.951114975044156152e-01,5.164930137529333276e-01
7.681234455108642578e+01,-2.165638801311901146e-02,-1.951102142844382548e-01,5.185952800067710200e-01
7.692544841766357422e+01,-2.276634959285943338e-02,-1.952739041755687244e-01,5.187648842632529567e-01
7.701900959014892578e+01,-2.234047280856513509e-02,-1.930689245211695271e-01,5.191149661386436076e-01
7.714230132102966309e+01,-2.274689626743536114e-02,-1.931182811150075063e-01,5.184765166594177410e-01
7.721898841857910156e+01,-2.290607111616195860e-02,-1.939812730012433761e-01,5.183239033446542798e-01
7.731660532951354980e+01,-2.192637008547947131e-02,-1.938482175750243508e-01,5.176238702507250933e-01
7.760193920135498047e+01,-2.248134768569923572e-02,-1.943803588816671590e-01,5.176173480224328660e-01
7.767880797386169434e+01,-2.029816806376029403e-02,-1.943776133765874048e-01,5.177001940945851199e-01
7.777321052551269531e+01,-1.670777910129241789e-02,-1.928220989330040880e-01,5.179432392382052885e-01
7.785918140411376953e+01,-1.965786262813959753e-02,-1.930394914803117701e-01,5.212389607508380873e-01
7.792445230484008789e+01,-2.056444312646583256e-02,-1.941509628808633370e-01,5.188255783590213222e-01
7.801629686355590820e+01,-1.954702400224231362e-02,-1.941454754106586578e-01,5.171396011466380394e-01
7.828841114044189453e+01,-2.069972209397183405e-02,-1.958810615752207274e-01,5.171365332635949885e-01
7.840031647682189941e+01,-1.997845772788920532e-02,-1.970146425002659574e-01,5.175666348867461464e-01
7.848831796646118164e+01,-1.994920561730026062e-02,-1.954190009755819024e-01,5.175122365343539643e-01
7.860334539413452148e+01,-1.942860995429993368e-02,-1.955678417149411819e-01,5.171261096615208386e-01
7.867575335502624512e+01,-2.148561665875078561e-02,-1.943694847100816692e-01,5.187402353014991530e-01
7.875313639640808105e+01,-1.983404019999579493e-02,-1.938226903244633093e-01,5.187557119782059134e-01
7.885717797279357910e+01,-1.988027326965204067e-02,-1.935676036320462257e-01,5.182814534493027647e-01
7.893283891677856445e+01,-1.793471611888479422e-02,-1.942735069373721646e-01,5.167426307400859731e-01
7.903546524047851562e+01,-1.687906524526229871e-02,-1.954888651809010836e-01,5.170033836860533638e-01
7.912473392486572266e+01,-1.723829052944480383e-02,-1.954914489189468474e-01,5.177478239416013484e-01
7.922487926483154297e+01,-1.685105642118281399e-02,-1.938996923501998815e-01,5.169670035958978671e-01
7.935828351974487305e+01,-1.709710460123827977e-02,-1.931151900472934668e-01,5.180082240166778984e-01
7.943194460868835449e+01,-1.713047187917935213e-02,-1.925006899109873715e-01,5.183671653788416434e-01
7.956047415733337402e+01,-1.702285940764799305e-02,-1.939422771119284072e-01,5.188134473963729176e-01
7.966715407371520996e+01,-1.663984022143152192e-02,-1.962489031462111844e-01,5.191259389715341399e-01
7.972953057289123535e+01,-1.775415105025567736e-02,-1.957740312035984864e-01,5.169555349351538931e-01
7.980935239791870117e+01,-1.836966739879686977e-02,-1.962178791689629664e-01,5.167036315295091553e-01
7.990009236335754395e+01,-2.091572530413486966e-02,-1.973159834670157597e-01,5.176396889589617301e-01
8.000110626220703125e+01,-1.995983048801809948e-02,-1.953655539687453035e-01,5.157775716683744571e-01
8.008616995811462402e+01,-1.928406233819298515e-02,-1.958621934114034846e-01,5.176417850689367661e-01
8.019735860824584961e+01,-1.858051745536679067e-02,-1.969684723209508548e-01,5.178387256629453095e-01
8.024639678001403809e+01,-1.718934036224002010e-02,-1.964568501293134373e-01,5.181117053297136232e-01
8.035246396064758301e+01,-1.773282843922616842e-02,-1.954917268981512801e-01,5.194376530155822014e-01
8.046723175048828125e+01,-1.884339966281424472e-02,-1.945739089375147501e-01,5.193725580645004447e-01
8.050967502593994141e+01,-2.023790525507785862e-02,-1.944788523144797276e-01,5.204223288219521626e-01
8.061883687973022461e+01,-2.240880092275346694e-02,-1.948819500269101668e-01,5.203849564763413094e-01
8.067817425727844238e+01,-2.384278659562176494e-02,-1.974481026950739848e-01,5.180646474819184943e-01
8.078335046768188477e+01,-2.039151067692693969e-02,-1.994509234038255585e-01,5.150512956435628897e-01
8.081425428390502930e+01,-1.605882675095555642e-02,-2.081190347238362492e-01,5.068329383747647299e-01
8.098980617523193359e+01,-1.154894724707520443e-02,-2.049341182110784310e-01,5.024004918950290000e-01
8.102120113372802734e+01,-4.603189084359238063e-03,-1.988258757226005480e-01,4.933492672706262239e-01
8.111743044853210449e+01,4.360993389661803874e-04,-1.992846225734642984e-01,4.867056049225058634e-01
8.122406744956970215e+01,7.050716563168636999e-03,-1.946462800091886824e-01,4.787210802057473291e-01
8.135252547264099121e+01,7.840839037412580467e-03,-1.935104565115235153e-01,4.725316650792823481e-01
8.141620802879333496e+01,9.393721940672731391e-03,-1.999604447038110244e-01,4.669071313477379803e-01
8.154074645042419434e+01,1.023430824453260349e-02,-2.046032230393246554e-01,4.625091247471836420e-01
8.163411355018615723e+01,9.241118839728184112e-03,-2.030916169916469061e-01,4.658562073485699173e-01
8.177421402931213379e+01,1.901798176355504752e-03,-2.020818362836730442e-01,4.727970590634066883e-01
8.181496858596801758e+01,-5.487647561564029663e-03,-1.970240531479961754e-01,4.825294965690892224e-01
8.196503591537475586e+01,-1.021222526721877154e-02,-1.854398798309654928e-01,4.909952710447682556e-01
8.208072280883789062e+01,-2.074060550219954807e-02,-1.858239200965823845e-01,5.004719823829610892e-01
8.216077852249145508e+01,-2.669156120391053336e-02,-1.856767302067584002e-01,5.099424158485067471e-01
8.223210597038269043e+01,-2.928722159215948681e-02,-1.847088832682714787e-01,5.206610217355809311e-01
8.232310557365417480e+01,-3.116857480579714179e-02,-1.836163649312889945e-01,5.329780486534846373e-01
8.241381955146789551e+01,-3.470273219241445939e-02,-1.745427533577312840e-01,5.473373492590650757e-01
8.252652573585510254e+01,-4.261762046863448727e-02,-1.692325197673898163e-01,5.509909708822299246e-01
8.262210679054260254e+01,-4.214921272184719847e-02,-1.707854044229897006e-01,5.467262023136584270e-01
8.271230554580688477e+01,-3.432198334757229075e-02,-1.799557399275847069e-01,5.445194745493550093e-01
8.288242840766906738e+01,-3.244090342414340800e-02,-1.866208652699561099e-01,5.417131835352647640e-01
8.296585798263549805e+01,-3.285071647973594744e-02,-1.863078920514412706e-01,5.385874112618019849e-01
8.304348015785217285e+01,-3.040328326155845862e-02,-1.853802594083228950e-01,5.348304347609619258e-01
8.313055014610290527e+01,-2.895319336879751196e-02,-1.879223423904116397e-01,5.307946957103760743e-01
8.322257447242736816e+01,-2.579217142089048481e-02,-1.903740553932848356e-01,5.281428458220176481e-01
8.331806302070617676e+01,-2.280636031282379933e-02,-1.912575695774390017e-01,5.261126741325644618e-01
8.343136358261108398e+01,-2.338215786819008990e-02,-1.894980265765701943e-01,5.241077523695186757e-01
8.362902164459228516e+01,-2.600617968946082256e-02,-1.907215371523491299e-01,5.249831617999300981e-01
8.371176934242248535e+01,-2.665352528186871323e-02,-1.908963950877800853e-01,5.226279176835452178e-01
8.379128861427307129e+01,-2.678736446908679472e-02,-1.910864133597033332e-01,5.229036258705813678e-01
8.387675070762634277e+01,-2.994529803465078785e-02,-1.913227269976624512e-01,5.226112585961549817e-01
8.393700456619262695e+01,-3.025389530755740602e-02,-1.921431928158161273e-01,5.243452874954241949e-01
8.406201791763305664e+01,-3.068552474665380697e-02,-1.951224073059714126e-01,5.221612433237805551e-01
8.432934451103210449e+01,-2.711641115972044866e-02,-1.987232292378315612e-01,5.173277144550809670e-01
8.443086099624633789e+01,-2.277340583862729612e-02,-2.078704075697387910e-01,5.163473802816509473e-01
8.449780344963073730e+01,-1.467106877156769580e-02,-2.310594884942701599e-01,5.152670325041253108e-01
8.461429810523986816e+01,-8.588638436184462682e-03,-2.499796765552736721e-01,5.080363500511205777e-01
8.471293020248413086e+01,-5.155409537241678782e-03,-2.584496489353674264e-01,5.042025059236500129e-01
8.480992865562438965e+01,-7.121803352633303968e-03,-2.572933123329990690e-01,5.034561089662996647e-01
8.489033246040344238e+01,-1.284687352385016981e-02,-2.498075681475690479e-01,5.034076858618999895e-01
8.496508622169494629e+01,-1.602309536180949318e-02,-2.366240693119065763e-01,5.024468967210341530e-01
8.507559323310852051e+01,-8.029115241656212265e-03,-2.172762503801612399e-01,5.000129736603207142e-01
8.512177753448486328e+01,-2.153949810887357749e-03,-1.978293315209007641e-01,5.112176160337839059e-01
8.520189595222473145e+01,-3.619687977752457028e-03,-1.612644279687636961e-01,5.187579165289026850e-01
8.537871575355529785e+01,-7.669833224065913425e-03,-1.453455595711116155e-01,5.172963553957812266e-01
8.548083162307739258e+01,-1.493514322171598380e-02,-1.609190247742147140e-01,5.202452279412757008e-01
8.552186346054077148e+01,-1.347057021893349749e-02,-1.707048079871154034e-01,5.130504474849560959e-01
8.569487428665161133e+01,-1.047173011130593696e-02,-1.761417756616681096e-01,5.137513481664521819e-01
8.574773764610290527e+01,-1.740263139881662383e-02,-1.888437250798152278e-01,5.131881207723484328e-01
8.583597826957702637e+01,-1.459555756792676150e-02,-2.037334211084144420e-01,5.057525032868041004e-01
8.591047954559326172e+01,-8.821360178689745604e-03,-2.103015879243839981e-01,5.059221594344439632e-01
8.601690244674682617e+01,-1.104516549351749685e-02,-2.181047708700674936e-01,5.025577421797166044e-01
8.607645940780639648e+01,-9.306364124848949884e-03,-2.238906676167689014e-01,5.009984313541721024e-01
8.619321799278259277e+01,-1.149010874289491807e-02,-2.242879840905195044e-01,4.985999271957549106e-01
8.631412982940673828e+01,-1.284797033288064341e-02,-2.193632670010713104e-01,4.995154719248844355e-01
8.641804051399230957e+01,-1.295695128941567326e-02,-2.194985552439549792e-01,4.986598977102525976e-01
8.656435775756835938e+01,-1.303771228064213791e-02,-2.196352622646421116e-01,4.985248851604264786e-01
8.669841217994689941e+01,-8.439013368051299924e-03,-2.159063940244577151e-01,4.963288245683130095e-01
8.676059365272521973e+01,-7.657411699292081091e-03,-2.156994830153212972e-01,5.007373202954845670e-01
8.687765359878540039e+01,-1.225122464376690590e-02,-2.152482157566666388e-01,5.016875963692796203e-01
8.696392035484313965e+01,-1.310829215475872896e-02,-2.138315301399776880e-01,5.017957128932976074e-01
8.709546136856079102e+01,-1.260287432775316664e-02,-2.134704354734670295e-01,5.017979009274036173e-01
8.721479344367980957e+01,-1.366678905247348079e-02,-2.153826625702321973e-01,5.019719995848457295e-01
8.725793290138244629e+01,-1.396481084955807257e-02,-2.156330490945849443e-01,5.004800511528678664e-01
8.732974052429199219e+01,-1.537251037148266823e-02,-2.171324411976207347e-01,5.014739336535036784e-01
8.748518633842468262e+01,-1.495001974702786333e-02,-2.159455017827118517e-01,5.000861204356483736e-01
8.758078646659851074e+01,-1.596563462395566430e-02,-2.198681704942636872e-01,5.019865717791976989e-01
8.763898944854736328e+01,-1.618575370628893076e-02,-2.178700404562834980e-01,5.006372049326767160e-01
8.771218299865722656e+01,-1.661287178437508699e-02,-2.194174151433494202e-01,5.002742640841388866e-01
8.779647517204284668e+01,-1.714048443313600373e-02,-2.208241544912692700e-01,5.004810490500000153e-01
8.797407221794128418e+01,-1.674482813576205070e-02,-2.191452737520573624e-01,4.955724283510119510e-01
8.806720018386840820e+01,-6.816776071140130330e-03,-2.139689354066460214e-01,4.760780433602391781e-01
8.814852690696716309e+01,1.564359675148020365e-02,-2.084463062956770363e-01,4.486034613735921939e-01
8.824858999252319336e+01,3.680571040433523733e-02,-2.080394292307183590e-01,4.357472283563709747e-01
8.832856154441833496e+01,4.341858518776534753e-02,-2.191573422677256799e-01,4.341827295572224799e-01
8.846541094779968262e+01,3.550031633710191981e-02,-2.234557022454183028e-01,4.381927388056603423e-01
8.851820635795593262e+01,2.211767713301087540e-02,-2.228600408611441930e-01,4.600634635593372490e-01
8.878504824638366699e+01,8.283174969273844265e-03,-2.201224924963342267e-01,4.789490139714949746e-01
8.888990879058837891e+01,2.510228644173466504e-03,-2.211190121453051327e-01,5.019017389712698840e-01
8.895860314369201660e+01,1.939311303444634206e-03,-2.038169339814339120e-01,5.247739706499054968e-01
8.906329369544982910e+01,-2.748591022693831938e-03,-1.867163128002249928e-01,5.313543591105925890e-01
8.913827562332153320e+01,-3.978142617464561735e-03,-1.903213557959056723e-01,5.278448421953866321e-01
8.922439169883728027e+01,-5.776797654941122134e-04,-1.992895593039258340e-01,5.207534128845977550e-01
8.932690095901489258e+01,4.307716606183671464e-03,-2.068739853966441167e-01,5.108921041491931714e-01
8.940574622154235840e+01,7.800013786755598776e-03,-2.130420372194589129e-01,5.033295796521702892e-01
8.948716568946838379e+01,9.353049185057957238e-03,-2.179386071203881503e-01,5.029092434183899396e-01
8.957504296302795410e+01,7.198252501721422690e-03,-2.140943815278956441e-01,5.031199912770344396e-01
8.966718029975891113e+01,3.739003716902145145e-03,-2.127343078003016141e-01,5.041958240219373000e-01
8.978233408927917480e+01,3.739003716902145145e-03,-2.127343078003016141e-01,5.041958240219373000e-01
8.984453678131103516e+01,2.951850780421959915e-03,-2.136879846482030720e-01,5.052077276224268276e-01
8.995660495758056641e+01,9.648006293692009934e-04,-2.142696895092217058e-01,5.052758232183875986e-01
9.005995154380798340e+01,1.151832655107069923e-03,-2.147044227824048690e-01,5.063927769436449289e-01
9.016852879524230957e+01,-6.453682305208170939e-05,-2.141133086485756121e-01,5.060953025012975282e-01
9.022568893432617188e+01,-2.201881202513467518e-03,-2.142900921317476004e-01,5.051808675212930977e-01
9.032695913314819336e+01,-2.209207514136845435e-03,-2.173097764226632478e-01,5.045742414830628464e-01
9.040805840492248535e+01,-1.044054966920268234e-03,-2.171542982012278356e-01,5.028694225183891753e-01
9.051136612892150879e+01,-5.585819824350022169e-04,-2.163331941372601819e-01,5.022933270545955065e-01
9.058852005004882812e+01,-1.613517041556850919e-03,-2.180010492236112984e-01,5.016801906133598887e-01
9.072982072830200195e+01,-2.413284526212821496e-03,-2.182657951775006100e-01,4.999217704995095324e-01
9.081289362907409668e+01,-2.788466900878890445e-03,-2.185684623678345040e-01,5.013011037712111762e-01
9.093713164329528809e+01,-4.777843732337851319e-03,-2.188094915080467107e-01,5.014236159906085843e-01
9.105486488342285156e+01,-4.593075845339127973e-03,-2.179165904708358636e-01,5.016271214897103370e-01
9.115828037261962891e+01,-5.138577049343522399e-03,-2.189436147752833739e-01,5.017355938815633021e-01
9.122203803062438965e+01,-5.674544075193050686e-03,-2.211281530808128226e-01,5.012698258218230007e-01
9.130674338340759277e+01,-6.997400125607370833e-03,-2.210553913751945598e-01,4.995602085918022239e-01
9.137887215614318848e+01,-7.486182105489255431e-03,-2.195438733917990104e-01,4.993785749039528210e-01
9.146664524078369141e+01,-7.866114881071703882e-03,-2.197086863901494269e-01,5.006190887588716221e-01
9.177551198005676270e+01,-7.855175196167827473e-03,-2.191988118881064429e-01,5.005566715001293909e-01
9.186560416221618652e+01,-7.497262365664746075e-03,-2.207186822226277767e-01,5.003066850001930410e-01
9.197318077087402344e+01,-1.296328291918780358e-02,-2.243280578403002989e-01,4.978603837891749651e-01
9.202516913414001465e+01,-3.126931040970509085e-02,-2.104595068510726474e-01,4.933904148343988272e-01
9.207596468925476074e+01,-4.778407256946050341e-02,-1.574204088797702961e-01,5.003319524198598378e-01
9.215241765975952148e+01,-5.000324815230935277e-02,-1.477251946101892643e-01,4.896412041094814205e-01
9.226303005218505859e+01,-5.644649768520029059e-02,-1.736574375396836567e-01,4.800640563814505546e-01
9.230531430244445801e+01,-5.177160752714687203e-02,-1.831105010246290299e-01,4.707152829237065683e-01
9.240098261833190918e+01,-5.029282693189507381e-02,-1.825560361970938739e-01,4.730470332970243552e-01
9.244820380210876465e+01,-5.264733161147192031e-02,-1.861109725309987861e-01,4.711274681077720627e-01
9.252858209609985352e+01,-4.829335035284164357e-02,-1.867153719930031708e-01,4.704055149287261206e-01
9.267189931869506836e+01,-3.058499086809443254e-02,-1.886244564959489445e-01,4.709137264993067395e-01
9.276208591461181641e+01,-7.716643710003682176e-03,-1.973944930555731614e-01,4.788858391828401673e-01
9.282394242286682129e+01,-6.069518694936776836e-03,-2.084927604589322248e-01,4.821898743055493264e-01
9.293467211723327637e+01,-1.642428754657308462e-02,-2.107507262180824126e-01,4.810920691661877413e-01
9.302816772460937500e+01,-2.269525216298388590e-02,-2.079249000860337870e-01,4.808910039324262309e-01
9.317695665359497070e+01,-2.409699368001747694e-02,-2.090732472108696727e-01,4.800753183178853578e-01
9.322406196594238281e+01,-2.151526002553848932e-02,-2.116147818508809231e-01,4.772897698554608437e-01
9.339211511611938477e+01,-2.224276109636867324e-02,-2.137966896551777296e-01,4.797602169839843556e-01
9.349856209754943848e+01,-2.592558279128662907e-02,-2.160299017640645858e-01,4.800334793957134472e-01
9.356092047691345215e+01,-3.195598351412392429e-02,-2.144314168183194813e-01,4.791262089396752799e-01
9.362214183807373047e+01,-2.951465058409143832e-02,-2.147832533984729564e-01,4.706542288109101246e-01
9.372063016891479492e+01,-1.073077413839230998e-02,-2.106039752521685349e-01,4.455935237200033261e-01
9.383795380592346191e+01,1.611602782514599125e-02,-2.082095431891943238e-01,4.287274639470711191e-01
9.408478903770446777e+01,2.561891066222508548e-02,-2.111071390381428492e-01,4.299094811557527263e-01
9.421395945549011230e+01,1.429651939720325872e-02,-2.254256456070913295e-01,4.481636708543613734e-01
9.428545284271240234e+01,6.204071229029424137e-03,-2.201304884697430075e-01,4.740284265789848628e-01
9.438197565078735352e+01,-5.780749061393228999e-03,-2.079240870332891566e-01,4.972899334117428238e-01
9.446438884735107422e+01,-1.163952531516504289e-02,-1.964879252962233036e-01,5.094970200483014411e-01
9.452240371704101562e+01,-1.042402497072711376e-02,-1.958328940308581012e-01,5.097092016968910455e-01
9.465607666969299316e+01,6.546746647756083136e-04,-2.128437378364929355e-01,4.905192250315343339e-01
9.470991373062133789e+01,1.527891788380881556e-02,-2.300015843828288886e-01,4.809548227026980705e-01
9.481270122528076172e+01,1.418804831640436623e-02,-2.392079242761747382e-01,4.735772387373594072e-01
9.495908236503601074e+01,6.191843695232518083e-03,-2.432654331717973573e-01,4.721428616066327133e-01
9.516561126708984375e+01,2.747506777783256891e-03,-2.383127798742877557e-01,4.750835605202218814e-01
9.530454564094543457e+01,3.869813615727582361e-03,-2.305091374947279281e-01,4.740255718949842878e-01
9.539294338226318359e+01,3.141437079414772897e-03,-2.318993794572190015e-01,4.762242553812294776e-01
9.549550366401672363e+01,2.701600279635682413e-03,-2.315048131443726287e-01,4.766038682092485490e-01
9.558338975906372070e+01,-6.848983688316705827e-04,-2.335832400489093741e-01,4.766646439872500030e-01
9.566421484947204590e+01,-4.120405831712064398e-03,-2.387502570718976480e-01,4.762101812646821197e-01
9.572565507888793945e+01,-8.358174850001861764e-03,-2.399173962070801636e-01,4.758969525445017057e-01
9.580500483512878418e+01,-1.148819069165963984e-02,-2.392067943708698907e-01,4.740562986576222770e-01
9.589065074920654297e+01,-1.152965679960805435e-02,-2.411094957499563540e-01,4.745674196159294644e-01
9.596276211738586426e+01,-1.320282056955556123e-02,-2.435970447536303374e-01,4.735359600019505288e-01
9.605708074569702148e+01,-1.060837742635484943e-02,-2.405570923582883436e-01,4.723920200993910190e-01
9.612452483177185059e+01,-1.153160016636041972e-02,-2.367917043515300746e-01,4.738180025249995597e-01
9.623360085487365723e+01,-1.422311450841306883e-02,-2.310656731986417689e-01,4.755616284505098657e-01
9.632393193244934082e+01,-1.644576976384204761e-02,-2.280515799535628718e-01,4.767514760420604736e-01
9.642610263824462891e+01,-1.667030107664799199e-02,-2.270164897236974233e-01,4.775348850106133081e-01
9.651996445655822754e+01,-1.649038204303246435e-02,-2.236265349040036099e-01,4.782491659632149283e-01
9.666683840751647949e+01,-1.766811968283035078e-02,-2.221070951162240903e-01,4.794537937835937069e-01
9.672854924201965332e+01,-1.863886157180047465e-02,-2.225934040032184480e-01,4.792967556135389051e-01
9.698635816574096680e+01,-1.794933117781881415e-02,-2.202895955798830352e-01,4.786152041140782076e-01
9.705054616928100586e+01,-1.823126332554314902e-02,-2.203687259353472039e-01,4.784904066705536474e-01
9.712759137153625488e+01,-1.938710310871713874e-02,-2.205851136009663593e-01,4.802386757821017760e-01
9.725031447410583496e+01,-1.859424967665453815e-02,-2.197586102196301128e-01,4.798548189359008176e-01
9.735852384567260742e+01,-1.928894719127783805e-02,-2.192345511786873147e-01,4.808594824970779391e-01
9.745720219612121582e+01,-1.978434589085904111e-02,-2.185411291325075889e-01,4.809970679654485548e-01
9.751624107360839844e+01,-1.939789577747253954e-02,-2.186436641894088928e-01,4.823361691445605670e-01
9.756837916374206543e+01,-1.961977429673468151e-02,-2.179271212605966013e-01,4.804089074844371532e-01
9.764477443695068359e+01,-2.013906850102672660e-02,-2.197876460021108147e-01,4.807966383233340801e-01
9.778392004966735840e+01,-1.977715375231418882e-02,-2.180574238360181993e-01,4.803559090054700387e-01
9.786003971099853516e+01,-1.995635883433485511e-02,-2.194379358054572848e-01,4.820500161052317378e-01
9.798083281517028809e+01,-2.098382182156168993e-02,-2.232614731250329720e-01,4.825471485284035800e-01
9.807063698768615723e+01,-2.070101250243536195e-02,-2.238386610930547249e-01,4.808486835291851946e-01
9.815514469146728516e+01,-2.267482307986652679e-02,-2.233276127663055832e-01,4.809505353433380925e-01
9.834724211692810059e+01,-2.095843763138647078e-02,-2.202255213279304402e-01,4.772841356508813471e-01
9.848718523979187012e+01,-8.970893282402234159e-03,-2.167956691961658022e-01,4.567092007886765503e-01
9.853120207786560059e+01,1.770885086204275136e-02,-2.091070161898363755e-01,4.318668864443998556e-01
9.858181166648864746e+01,3.202998625594894594e-02,-2.204990743936310615e-01,4.384183117430948129e-01
9.882289457321166992e+01,1.386361779095649470e-02,-2.311528551887268579e-01,4.687195201476255235e-01
9.891346573829650879e+01,2.833904666118850120e-03,-2.264297080519595551e-01,4.862585019023221711e-01
9.902334165573120117e+01,-4.992370939189649977e-03,-2.219545709161511171e-01,5.043087102808654354e-01
9.907866001129150391e+01,-9.056840501943583949e-03,-2.073417614637032835e-01,5.073627216802470974e-01
9.915264630317687988e+01,-1.193141206654804200e-02,-2.084396540201658432e-01,4.986963053656395251e-01
9.924062561988830566e+01,-8.084966406058155921e-04,-2.188152419912105517e-01,4.849057623371105796e-01
9.931255555152893066e+01,5.456267861678667543e-03,-2.405452447452553211e-01,4.788193335771823156e-01
9.950949978828430176e+01,4.921877330124280192e-03,-2.440397312990292833e-01,4.749819045180980748e-01
9.977532815933227539e+01,4.578053286134988430e-03,-2.321731003971041207e-01,4.776994451960899779e-01
9.988326025009155273e+01,2.963756264193897778e-03,-2.264741048520071964e-01,4.791788838459595801e-01
9.992909717559814453e+01,3.214649600264875978e-04,-2.261948948035509555e-01,4.810847589544646752e-01
1.000445110797882080e+02,-8.705774480163090386e-04,-2.279807931583192337e-01,4.815406032964078542e-01
1.000926532745361328e+02,-1.538527770078204149e-03,-2.282347504334848731e-01,4.809431122237827205e-01
1.002462046146392822e+02,-3.147675781866392328e-03,-2.256881722284041769e-01,4.797719424447654535e-01
1.003575623035430908e+02,-4.218720381022061580e-03,-2.249203276315205335e-01,4.812469870628031110e-01
1.004209632873535156e+02,-5.205570608122589253e-03,-2.244595004802713289e-01,4.811801992959914287e-01
1.005287284851074219e+02,-3.862903581931295682e-03,-2.243257976122153552e-01,4.809275239164115812e-01
1.005823478698730469e+02,-4.591602266437535412e-03,-2.246100571250730926e-01,4.822370520587415110e-01
1.007239425182342529e+02,-3.955823114603431584e-03,-2.238858420906621183e-01,4.836391426207962696e-01
1.008281412124633789e+02,-6.194553099833673658e-03,-2.248936202235889414e-01,4.835757546185205924e-01
1.009414858818054199e+02,-6.039868745735907374e-03,-2.226659126750386852e-01,4.810770135007025328e-01
1.010264260768890381e+02,-7.316128838438682933e-03,-2.231315977659016070e-01,4.832972777682935095e-01
1.010787947177886963e+02,-7.548748321494981768e-03,-2.231881369127723114e-01,4.811862889717755665e-01
1.011623113155364990e+02,-6.141971494953913334e-03,-2.229042553932650828e-01,4.823813919002071238e-01
1.012505059242248535e+02,-7.441167198908899168e-03,-2.245109725013338942e-01,4.809247545758375542e-01
1.013225028514862061e+02,-7.970257226818256574e-03,-2.256363495247981632e-01,4.812535072080801890e-01
1.014422087669372559e+02,-8.831421937504257275e-03,-2.278952463620975699e-01,4.827505286197059098e-01
1.015743622779846191e+02,-9.688675479412304017e-03,-2.275705704348975067e-01,4.824565350396672336e-01
1.017204971313476562e+02,-9.343437409616904207e-03,-2.269964925185108673e-01,4.829361774195133350e-01
1.018659763336181641e+02,-9.214548739866382926e-03,-2.262825188646652441e-01,4.825229126416407666e-01
1.019673402309417725e+02,-9.728075932276390725e-03,-2.257192237584648153e-01,4.826384244336594520e-01
1.020627181529998779e+02,-1.019354108784756470e-02,-2.267469935761123601e-01,4.823136062821201664e-01
1.021715934276580811e+02,-1.111478572668035333e-02,-2.275928976871009202e-01,4.826808110212081337e-01
1.022929074764251709e+02,-1.188870384319288750e-02,-2.321466450243117596e-01,4.819539818116112539e-01
1.024600589275360107e+02,-1.107068325245459499e-02,-2.348517193350501409e-01,4.819535914780289088e-01
1.025089812278747559e+02,-1.130463957691479372e-02,-2.344187881637504745e-01,4.801328394095651930e-01
1.026244857311248779e+02,-1.157744078552320859e-02,-2.355961620665203426e-01,4.806475180639876443e-01
1.027146177291870117e+02,-1.152158580764923480e-02,-2.348443565417004109e-01,4.818358067640116649e-01
1.028173162937164307e+02,-1.165589195875523822e-02,-2.331686028582039549e-01,4.804337408107335894e-01
1.029184494018554688e+02,-1.230795052613146978e-02,-2.349445898710458003e-01,4.803055147063146069e-01
1.030298638343811035e+02,-1.228458677168600688e-02,-2.353418454165394080e-01,4.809956358261999187e-01
1.031696827411651611e+02,-1.161553045536689588e-02,-2.263715566385546829e-01,4.825122778268573498e-01
1.032289218902587891e+02,-3.727761490770655460e-03,-2.092745034024480477e-01,4.808725168030758002e-01
1.033647892475128174e+02,1.028596375131041359e-02,-2.434661092120894155e-01,4.827962719655990997e-01
1.047205843925476074e+02,4.455914293815925464e-02,-1.155082797810476070e-01,5.028804803431331516e-01
1.048662214279174805e+02,4.221708929430650903e-02,-1.074571466844151807e-01,5.111258910025022750e-01
1.049840013980865479e+02,3.335773574907901357e-02,-1.229356458655700840e-01,5.149751685055545813e-01
1.050777246952056885e+02,2.808078861780059776e-02,-1.439510672658915191e-01,5.107468525178781027e-01
1.051903090476989746e+02,2.244573235913299714e-02,-1.595166796840410128e-01,5.057774506551870886e-01
1.052764899730682373e+02,1.255452213746876058e-02,-1.810169084200539402e-01,4.979441430454580320e-01
1.053476238250732422e+02,1.725806868408695863e-02,-2.201146732118585414e-01,4.846797082330209783e-01
1.054638700485229492e+02,2.385423067455082896e-02,-2.423599336254708969e-01,4.817537280320224324e-01
1.061292440891265869e+02,1.586634555572895983e-02,-2.444689572271366296e-01,4.708813233326170633e-01
1.062162241935729980e+02,1.637120668766917433e-02,-2.441239418503803604e-01,4.715254554301894219e-01
1.063147401809692383e+02,1.485829408415746157e-02,-2.450344055195856074e-01,4.737090588204233566e-01
1.064312205314636230e+02,1.137155034419778943e-02,-2.448505984232657584e-01,4.747859336915985495e-01
1.066444096565246582e+02,1.148367992498844706e-02,-2.393287011553244803e-01,4.753774216737577940e-01
1.067765498161315918e+02,8.297377510607870099e-03,-2.343228502733074592e-01,4.744424048570646812e-01
1.068626852035522461e+02,7.785735467512271309e-03,-2.369474685899526090e-01,4.746897160090572387e-01
1.069759843349456787e+02,8.712075052179437534e-03,-2.380293870127589972e-01,4.749978048886929760e-01
1.070245695114135742e+02,7.287837213892917401e-03,-2.361964134491238432e-01,4.777701211572323303e-01
1.070958704948425293e+02,3.774939962605123808e-03,-2.349548453586479679e-01,4.786774897949753194e-01
1.072171163558959961e+02,2.797984545433085304e-03,-2.325492317567747214e-01,4.792086314553104520e-01
1.072924354076385498e+02,6.122257539508795801e-04,-2.330368232553164110e-01,4.810614060580056250e-01
1.073884773254394531e+02,4.560995400176470933e-03,-2.449519394615207457e-01,4.827269206745430363e-01
1.074655115604400635e+02,2.233351106170970192e-03,-2.444987483855169119e-01,4.871195567958581663e-01
1.075845086574554443e+02,3.291755717904360900e-03,-2.074532824295454159e-01,4.941039240089133422e-01
1.076587631702423096e+02,5.191234430338506449e-03,-1.724689268550374521e-01,5.040297287251104263e-01
1.077080998420715332e+02,3.288414037201166113e-03,-1.399700542260798874e-01,5.135246502041368455e-01
1.078149178028106689e+02,2.819827099612101998e-03,-1.154672454859371894e-01,5.209320961480486956e-01
1.080534658432006836e+02,3.268942204267499992e-03,-1.119797180072241993e-01,5.253179009780595266e-01
1.081521134376525879e+02,8.864917112313606268e-03,-1.232863880834194764e-01,5.255073189426920921e-01
1.082245466709136963e+02,5.342783138416538034e-03,-1.307901550643984778e-01,5.234711253459995994e-01
1.083143672943115234e+02,9.000332558805202842e-04,-1.334424154431153864e-01,5.229113308855712905e-01
1.084309644699096680e+02,3.319821659263858925e-04,-1.345868467982261896e-01,5.246705919708469779e-01
1.085173897743225098e+02,-3.840612440845001321e-03,-1.307797896434039209e-01,5.273268939052911941e-01
1.086242504119873047e+02,-6.873949767785945790e-03,-1.247464791520752486e-01,5.300568288594454947e-01
1.087114763259887695e+02,-6.206953027412711286e-03,-1.217454669179708210e-01,5.281493056258944607e-01
1.088853492736816406e+02,-7.305801241601590952e-03,-1.231350564081623578e-01,5.303031785011789179e-01
1.089731173515319824e+02,-8.515308559284218842e-03,-1.250917266572370290e-01,5.275178587016212672e-01
1.090634353160858154e+02,-6.119942374565142534e-03,-1.321360046856739912e-01,5.252543940313362247e-01
1.091468312740325928e+02,-5.029909918033724503e-03,-1.387684457073394828e-01,5.221283229776224610e-01
1.092532932758331299e+02,-7.465788278763387485e-03,-1.421723534451205251e-01,5.186695942452393959e-01
1.093661763668060303e+02,-5.898867582878723065e-03,-1.514384446691316999e-01,5.132461580882359264e-01
1.094575424194335938e+02,4.274108545617626371e-04,-1.682316629947977205e-01,5.103225005422312721e-01
1.095318222045898438e+02,3.611150872107211137e-03,-1.901933148303070198e-01,5.027324356364166746e-01
1.095934212207794189e+02,1.207160681403534122e-02,-2.226923747276156884e-01,4.951077925340247043e-01
1.116963589191436768e+02,8.706549639516655836e-03,-2.503883468844127491e-01,4.777227894643101824e-01
1.117959585189819336e+02,8.608404606810695497e-03,-2.490018543368547610e-01,4.745966819409255799e-01
1.133197510242462158e+02,1.460635861635478996e-02,-2.212874889747320495e-01,4.749090468095841788e-01
1.134785647392272949e+02,1.075388447401899074e-02,-1.874464310799745792e-01,4.853492090186860008e-01
1.135554134845733643e+02,8.710171386589804499e-03,-1.546024706344029942e-01,4.888765599654642524e-01
1.136428687572479248e+02,1.242531858933925565e-02,-1.336982081980510606e-01,4.945298931655313646e-01
1.137441291809082031e+02,1.555849208150072646e-02,-1.286239950981741265e-01,4.946007347616879768e-01
1.138072309494018555e+02,1.501339644452198002e-02,-1.383250483392940156e-01,4.951553892095724163e-01
1.139040462970733643e+02,1.344745560674168172e-02,-1.432013066418030833e-01,4.939914130790286628e-01
1.139719641208648682e+02,6.789080709359755252e-03,-1.399605506383358178e-01,4.968549025721527013e-01
1.140735676288604736e+02,1.495664890434364978e-03,-1.363876376638537280e-01,4.969883842056488366e-01
1.144618778228759766e+02,1.034394772719225307e-03,-1.374899081548107416e-01,5.001618771530613738e-01
1.145708525180816650e+02,1.091611478476898871e-03,-1.409430647844809870e-01,4.994267695069415924e-01
1.146097910404205322e+02,1.549749987727548411e-03,-1.462298450545022332e-01,4.995655598468776160e-01
1.147196958065032959e+02,1.604559257317240192e-03,-1.473569098437594038e-01,4.966989898233737377e-01
1.148224089145660400e+02,-4.348806842929019210e-04,-1.466800561222155186e-01,4.965196847397702062e-01
1.149488816261291504e+02,-2.112410443377664773e-03,-1.436200600427704477e-01,4.960326272862823904e-01
1.150240063667297363e+02,-4.444120123814455404e-03,-1.454651414276386390e-01,4.970504326258786687e-01
1.151106424331665039e+02,-5.646951056880802032e-03,-1.544592531374282818e-01,4.922849202771305555e-01
1.152073152065277100e+02,6.418104966715847560e-04,-1.640948413516207516e-01,4.874583054577203423e-01
1.152858920097351074e+02,6.582273328036315589e-03,-1.921546355613925061e-01,4.866461206438348341e-01
1.153656539916992188e+02,1.482529710864661024e-02,-2.256408674768848321e-01,4.780561747235793635e-01
1.166207222938537598e+02,2.515575904313443936e-03,-2.601921976725361518e-01,4.978831902743017790e-01
1.167146835327148438e+02,-1.489496657923123843e-02,-2.483039240139928716e-01,5.227158460227834258e-01
1.167831156253814697e+02,-2.460133904919415554e-02,-2.345759577547441299e-01,5.488525095291959532e-01
1.168473787307739258e+02,-2.840916659034098055e-02,-2.202515185895300154e-01,5.739248012874270666e-01
1.169206862449645996e+02,-4.198277873663258664e-02,-2.092425734118030511e-01,6.080015200252179008e-01
1.170483505725860596e+02,-4.595529129707179999e-02,-1.817672155837952441e-01,6.264007752403156770e-01
1.171267731189727783e+02,-5.021128845556922793e-02,-1.729586631853268219e-01,6.167523914182172495e-01
1.173482244014739990e+02,-3.803957499927376057e-02,-1.828848085370813892e-01,5.922987103406152087e-01
1.173867435455322266e+02,-2.057412140468343337e-02,-1.997465449681917193e-01,5.841411159638619788e-01
1.174974248409271240e+02,-1.972978387725153951e-02,-2.019644158751192076e-01,5.684354797368799117e-01
1.175806860923767090e+02,-1.423431628442920968e-02,-2.013600230644181088e-01,5.463156003602648303e-01
1.176770982742309570e+02,-3.346887405748573407e-03,-2.072854052575356099e-01,5.192391919041008386e-01
1.177519977092742920e+02,1.811415303302618338e-02,-2.157637290943363040e-01,4.832768237187827221e-01
1.178741712570190430e+02,4.673015812388512519e-02,-2.145617738090035143e-01,4.689208956561265462e-01
1.179298412799835205e+02,4.890126964817485822e-02,-2.319460386185949463e-01,4.674177703356002800e-01
1.195615594387054443e+02,4.644395779502630273e-02,-2.808760522748799948e-01,5.579817757280194357e-01
1.196862008571624756e+02,3.379389048574397286e-02,-2.601110168327757100e-01,5.798824205994325132e-01
1.197817280292510986e+02,1.819825828426352779e-02,-2.335734088494007821e-01,5.762201360532838157e-01
1.199035255908966064e+02,1.398885191872442299e-02,-2.347116970320432261e-01,5.674138697452950630e-01
1.200085830688476562e+02,1.971987059039102472e-02,-2.469823152404061473e-01,5.601806944386957809e-01
1.200993847846984863e+02,2.547489134857725684e-02,-2.497711567587861392e-01,5.520280810397709681e-01
1.202074210643768311e+02,2.599261035041228185e-02,-2.468918025042301789e-01,5.526752942988978345e-01
1.202845518589019775e+02,1.369603905700938172e-02,-2.454110354967005692e-01,5.363656519300662451e-01
1.203447437286376953e+02,7.184663398014673290e-03,-2.432443369041608905e-01,4.998220010145445480e-01
1.230231120586395264e+02,3.357545361151747371e-02,-2.026586389368837116e-01,4.104860795819761377e-01
1.247295424938201904e+02,3.120953073790801863e-02,-2.563848128991436104e-01,5.406230835176856209e-01
1.248256659507751465e+02,2.421898928171774962e-02,-2.287321599734937483e-01,5.342803734945301697e-01
1.249121313095092773e+02,2.843179830032340968e-02,-2.372525247776856305e-01,5.207406511509732328e-01
1.304775042533874512e+02,5.707302442278184423e-02,-2.547353461949009024e-01,4.988667849532391063e-01
1.305558052062988281e+02,4.008309776780178552e-02,-2.350615617265076340e-01,5.053772720910445493e-01
1.306831114292144775e+02,2.429014637706370869e-02,-2.221767288337551105e-01,5.065765144865352898e-01
1.307177257537841797e+02,2.455115605216768096e-02,-2.103512381686971355e-01,5.049426134669138255e-01
1.307900123596191406e+02,2.740061692532584636e-02,-2.091002067441799783e-01,5.094876512209537411e-01
1.309543168544769287e+02,2.635275281014069076e-02,-2.068464780344012877e-01,5.152112769651853164e-01
1.310653603076934814e+02,1.810599389318130054e-02,-1.870161674692567555e-01,5.234421486942498758e-01
1.311626255512237549e+02,-1.503307355737318134e-04,-1.706581586190927535e-01,5.270624960877060561e-01
1.312847049236297607e+02,-1.474594745089923518e-02,-1.696876188641322503e-01,5.268502673006497661e-01
1.313920686244964600e+02,-1.274150789668818118e-02,-1.640114933537977215e-01,5.304485872482342934e-01
1.314960625171661377e+02,-1.726733730592977176e-02,-1.550950093445537525e-01,5.316066129496310744e-01
1.315748140811920166e+02,-2.671268336037801311e-02,-1.457995975977215697e-01,5.303284863591883891e-01
1.316622345447540283e+02,-3.954134102045751831e-02,-1.305319420942943065e-01,5.280267375993114021e-01
1.317741813659667969e+02,-4.711615413024278221e-02,-1.112646913876905591e-01,5.272656024777063744e-01
1.318690397739410400e+02,-4.573939946558051861e-02,-1.102535250090708463e-01,5.205526785177704285e-01
1.319748036861419678e+02,-3.416387329073199836e-02,-1.200919988761026680e-01,5.209434928044497370e-01
1.320626633167266846e+02,-2.146080839894840692e-02,-1.244835599202552406e-01,5.296988645373849058e-01
1.321732332706451416e+02,-1.597711909207615369e-02,-1.175218733720735376e-01,5.336030105487911124e-01
1.323200149536132812e+02,-2.000336999542091931e-02,-1.144878065310908771e-01,5.299098099511306836e-01
1.324124622344970703e+02,-2.229621339392796539e-02,-1.294799051974075688e-01,5.274958177104857038e-01
1.324842517375946045e+02,-1.850836308451824994e-02,-1.487227073172906755e-01,5.267398500123676719e-01
1.325643184185028076e+02,-1.347363262602694657e-02,-1.478914082394028606e-01,5.319122892219285692e-01
1.326074793338775635e+02,-2.263315066940478279e-02,-1.373265922321275645e-01,5.369024572576215348e-01
1.327088165283203125e+02,-3.505851363557090788e-02,-1.339415137437447723e-01,5.404049833559668725e-01
1.328012752532958984e+02,-3.508541472953902174e-02,-1.329082095692623589e-01,5.400516031060171862e-01
1.329034745693206787e+02,-2.617951701340412093e-02,-1.324660503008452672e-01,5.450431211248473184e-01
1.329926631450653076e+02,-2.940104995838164689e-02,-1.318130998978723489e-01,5.478725638186321412e-01
1.331027579307556152e+02,-3.648958267996271765e-02,-1.336686954004658590e-01,5.446872026132315581e-01
1.331897876262664795e+02,-3.475998603895079364e-02,-1.344026098687538529e-01,5.428874973263558834e-01
1.332832162380218506e+02,-2.950757255374123270e-02,-1.352614671906126609e-01,5.461713222625507180e-01
1.333808662891387939e+02,-2.782361706132637294e-02,-1.403463375027415305e-01,5.485216851099417035e-01
1.334535758495330811e+02,-2.844252318816487338e-02,-1.460452016611913928e-01,5.489847922698359861e-01
1.335888640880584717e+02,-2.755924762464818933e-02,-1.438019664063134584e-01,5.503427170883667952e-01
1.337967300415039062e+02,-2.801722223066848219e-02,-1.412437229456633137e-01,5.508668496208887211e-01
1.339051270484924316e+02,-3.032935547218741992e-02,-1.427660922927831144e-01,5.501819519648567525e-01
1.339901130199432373e+02,-2.920911085260898682e-02,-1.421079673343763616e-01,5.512287310953435382e-01
1.341222651004791260e+02,-2.855864184326592850e-02,-1.419137624337113435e-01,5.498883919103573215e-01
1.342788541316986084e+02,-2.706442086783764772e-02,-1.384187103668896024e-01,5.511520736952003618e-01
1.343545999526977539e+02,-2.019159415647548902e-02,-1.335680503336310609e-01,5.501336271375649734e-01
1.344250214099884033e+02,-1.647340253333320209e-02,-1.293120964746159451e-01,5.523312989336415235e-01
1.345515840053558350e+02,-1.794688396960588544e-02,-1.263065456135229192e-01,5.519239145855964201e-01
1.346122748851776123e+02,-2.278404239434910286e-02,-1.222929391697934048e-01,5.566360182708176563e-01
1.346944053173065186e+02,-2.967461440346712623e-02,-1.194244869512226664e-01,5.535249664135114545e-01
1.347788798809051514e+02,-3.046378432066551567e-02,-1.159443931742922679e-01,5.534649111430863799e-01
1.348800327777862549e+02,-2.906928327512490334e-02,-1.165582565010846450e-01,5.536832117590858582e-01
1.349688711166381836e+02,-3.022563334123522585e-02,-1.134188335617917764e-01,5.549377903006700308e-01
1.350470263957977295e+02,-3.397142327658699001e-02,-1.093300210176815224e-01,5.579157119296879186e-01
1.351605224609375000e+02,-3.469838874369945286e-02,-1.061733605624506499e-01,5.580362311283860732e-01
1.352991628646850586e+02,-3.385048824746359625e-02,-1.052752030013110324e-01,5.607767394284911555e-01
1.354129264354705811e+02,-3.216349432490620691e-02,-1.031757749337639807e-01,5.628472811293349087e-01
1.355217800140380859e+02,-3.174438584714613792e-02,-1.009707239384275423e-01,5.653332330354592372e-01
1.356391463279724121e+02,-3.052702454240264693e-02,-9.802394946250167496e-02,5.654407824656347836e-01
1.357255916595458984e+02,-3.405787676935778663e-02,-1.007326323700335480e-01,5.651321649703461292e-01
1.358000893592834473e+02,-3.501116742910483776e-02,-1.054526332615863399e-01,5.622188249930577530e-01
1.358711571693420410e+02,-3.462459210791257735e-02,-1.103050183515621868e-01,5.618248910607982483e-01
1.359836397171020508e+02,-3.336777548924415443e-02,-1.138927575693256117e-01,5.622422122579276982e-01
1.360095376968383789e+02,-3.541371967951900679e-02,-1.107232543905626865e-01,5.621185309737958269e-01
1.361074349880218506e+02,-3.480391229912684070e-02,-1.089643146516740546e-01,5.621720597966115562e-01
1.361487338542938232e+02,-3.477927660952481043e-02,-1.123973855056003973e-01,5.599877203502708900e-01
1.362140357494354248e+02,-3.215374890607153313e-02,-1.145512600008442572e-01,5.548761243534150456e-01
1.363237121105194092e+02,-2.881374655484156971e-02,-1.169822147851931199e-01,5.553347393976151292e-01
1.364188914299011230e+02,-2.828717652649199651e-02,-1.145505702591975566e-01,5.547941077135490895e-01
1.365295815467834473e+02,-2.964367080138984034e-02,-1.171769364967602256e-01,5.520479513137370731e-01
1.367259275913238525e+02,-2.804279566537342880e-02,-1.149968787059989089e-01,5.428580826890668787e-01
1.368230271339416504e+02,-2.378501042550494604e-02,-1.137272817157273797e-01,5.333660822773711452e-01
1.368959290981292725e+02,-2.039123690980491552e-02,-1.134386536624459735e-01,5.159985657316981111e-01
1.369920885562896729e+02,-1.826091168387469071e-02,-1.040057188390993564e-01,4.977150620627064925e-01
1.370553519725799561e+02,-2.081511823684907558e-02,-8.894798859154114112e-02,4.735867420805637829e-01
1.371141171455383301e+02,-1.839241536554448928e-02,-7.090066954003831912e-02,4.505010947314703751e-01
1.372369103431701660e+02,-1.843744255815628341e-02,-5.810630207736746516e-02,4.335474424236084312e-01
1.373522937297821045e+02,-2.261324494990655729e-02,-4.597694056125493228e-02,4.157998033894171330e-01
1.374645102024078369e+02,-2.348514889760186519e-02,-4.330410770762199019e-02,3.997003193790369946e-01
1.375306756496429443e+02,-2.066050451517407668e-02,-5.208090279106802889e-02,3.891531724634184619e-01
1.376456944942474365e+02,-1.549464962515637208e-02,-5.651824563694841236e-02,3.829597073885850356e-01
1.377103846073150635e+02,-1.599646813948149907e-02,-6.502150613050211581e-02,3.829199025707785142e-01
1.378741986751556396e+02,-2.239168253158838051e-02,-7.426109325331074762e-02,3.798213601962688313e-01
1.380052499771118164e+02,-2.658230308528626573e-02,-7.162470604651972883e-02,3.766380735897413845e-01
1.381076252460479736e+02,-2.484059334737945962e-02,-7.257681770480309269e-02,3.769691734639361025e-01
1.381978023052215576e+02,-1.806461549280717616e-02,-8.109094118286408470e-02,3.795882711513196006e-01
1.382991788387298584e+02,-6.422616113166101405e-03,-7.899419105476243597e-02,3.874889995404445786e-01
1.383788473606109619e+02,-4.465768485627235641e-03,-7.730477256986861834e-02,3.919616902524112323e-01
1.384583446979522705e+02,-8.579530823866489062e-03,-7.836719872565009459e-02,3.944880999464099869e-01
1.385053725242614746e+02,-1.187242328406557489e-02,-7.911089414205269010e-02,3.956769571145771769e-01
1.387782521247863770e+02,-1.799617444407876007e-02,-8.177108911308349215e-02,3.964589011685221154e-01
1.388939101696014404e+02,-2.036234876073860292e-02,-8.076546942092691084e-02,3.953279007549352908e-01
1.389906728267669678e+02,-1.355485664908560525e-02,-7.895163571651050982e-02,3.950214583671814439e-01
1.390681095123291016e+02,-1.705278382573645335e-02,-8.264630028993204258e-02,3.960289471557006946e-01
1.391541469097137451e+02,-2.667056257052406038e-02,-8.212754087048440566e-02,3.940410596138653743e-01
1.392137045860290527e+02,-3.274623476863020716e-02,-7.231716631381883420e-02,3.883611830964357470e-01
1.393019027709960938e+02,-3.241331313060352021e-02,-6.566557525832460163e-02,3.845923930362510901e-01
1.393790900707244873e+02,-2.779744419231426275e-02,-6.196547841919041594e-02,3.839236499281477588e-01
1.394562954902648926e+02,-3.487750464963914471e-02,-6.800455635658819720e-02,3.830860931656100976e-01
1.395296394824981689e+02,-4.877253843295938779e-02,-6.904135877297705448e-02,3.780908301776094160e-01
1.396214225292205811e+02,-5.005574665223095493e-02,-6.873617423220655664e-02,3.755286222493496862e-01
1.397232577800750732e+02,-4.344834004410206424e-02,-6.932484133324232078e-02,3.759073982052021368e-01
1.398160684108734131e+02,-3.861169163048582681e-02,-6.848576901999270383e-02,3.803339131445654941e-01
1.399304919242858887e+02,-4.221093248416357691e-02,-7.086805994455082358e-02,3.804405868832848592e-01
1.400135974884033203e+02,-4.572143658876721972e-02,-7.502870451157690745e-02,3.779830955657468849e-01
1.402965502738952637e+02,-4.289241948110877889e-02,-7.905284946034556171e-02,3.766513785284632543e-01
1.403993177413940430e+02,-3.846604999706556421e-02,-7.971425140804899723e-02,3.774121272804938365e-01
1.404839959144592285e+02,-3.849790518666580674e-02,-7.950467424030496777e-02,3.786890144204363984e-01
1.406221575736999512e+02,-3.846016505640333788e-02,-7.733141057324932621e-02,3.771829908237932516e-01
1.406925733089447021e+02,-3.207400321305434177e-02,-7.948803968925857721e-02,3.744577493705070204e-01
1.407361059188842773e+02,-3.006271193939114364e-02,-9.076031168081552525e-02,3.735053362668697696e-01
1.407984998226165771e+02,-2.681241972576451499e-02,-1.048807734586447576e-01,3.703596377876516854e-01
1.409166855812072754e+02,-2.374989273155615754e-02,-1.194034280539811033e-01,3.727616870287056017e-01
1.410806434154510498e+02,-2.575346520890457389e-02,-1.307548484889985152e-01,3.721719888547245225e-01
1.411968350410461426e+02,-4.214939442278096277e-02,-1.351105429522364010e-01,3.741053394254002518e-01
1.412752394676208496e+02,-5.292547274667777635e-02,-1.258488441967151317e-01,3.811762832602887396e-01
1.413366696834564209e+02,-5.932768117542724234e-02,-1.106051740973542502e-01,3.918479257847574115e-01
1.414083607196807861e+02,-6.950422438211603660e-02,-9.999293388256602633e-02,3.930034658008951243e-01
1.414988136291503906e+02,-7.149751806958098976e-02,-9.069340056664222660e-02,3.934349356890635696e-01
1.416121764183044434e+02,-6.231747687290302429e-02,-8.697307354301588023e-02,3.945494479054654779e-01
1.417609403133392334e+02,-5.396148450886151249e-02,-9.475685741613973367e-02,3.976845260157145234e-01
1.418865048885345459e+02,-4.909803738522618838e-02,-1.038578994569251956e-01,4.009734634625339300e-01
1.419941513538360596e+02,-4.103901869131513364e-02,-1.085977621343527794e-01,3.999729090398045361e-01
1.420409028530120850e+02,-4.293412405037205087e-02,-1.016938445085854986e-01,4.041178108249298684e-01
1.422010662555694580e+02,-5.348836463856015966e-02,-9.356113147703010169e-02,4.065294839057999043e-01
1.422582228183746338e+02,-5.348088865253031177e-02,-8.479409139061649947e-02,4.024098712724893945e-01
1.423570790290832520e+02,-3.996000263845182754e-02,-8.691352693640432003e-02,4.049994967577879024e-01
1.425019006729125977e+02,-2.486784000545982573e-02,-9.332902168590188896e-02,4.122958598304747313e-01
1.426431846618652344e+02,-1.529996724932937424e-02,-1.116864271600230413e-01,4.144036563570304699e-01
1.427281105518341064e+02,-2.427788062263299892e-02,-1.324499860787184957e-01,4.125922429743845710e-01
1.427868325710296631e+02,-4.194258053289304233e-02,-1.464924335902897390e-01,4.116228034782071221e-01
1.428921566009521484e+02,-4.866505483200406906e-02,-1.380823926569574867e-01,4.111319989076783199e-01
1.429438929557800293e+02,-4.861905636463490638e-02,-1.219960382676042038e-01,4.122958090419173161e-01
1.430146818161010742e+02,-5.285775399972105631e-02,-9.754591891093740419e-02,4.168898707137373982e-01
1.431101391315460205e+02,-6.371425551394502285e-02,-8.093794225000473797e-02,4.153922361651839479e-01
1.431845855712890625e+02,-7.424343010218617533e-02,-6.995493210811493112e-02,4.133873897453713142e-01
1.433415145874023438e+02,-7.782923688602992607e-02,-4.392512194223096439e-02,4.093438751413550625e-01
1.434210979938507080e+02,-7.109343111041852015e-02,-2.679113331631712697e-02,4.125175106194274854e-01
1.434856624603271484e+02,-7.189984807624948127e-02,-3.074210659010732580e-02,4.150880495834894934e-01
1.436693754196166992e+02,-7.139487246098316642e-02,-3.734774602723177350e-02,4.155057382186918002e-01
1.437629098892211914e+02,-6.905404466214953851e-02,-3.803735707953245088e-02,4.170460320532378695e-01
1.438471720218658447e+02,-6.722916123394696852e-02,-3.819525468298681087e-02,4.181537789568989250e-01
1.439208204746246338e+02,-6.390853594029743956e-02,-3.552887664088220238e-02,4.210049928279646636e-01
1.439754955768585205e+02,-6.257912238121958459e-02,-3.300253585507485765e-02,4.219083931680318589e-01
1.441529214382171631e+02,-5.985457835143898758e-02,-2.918719476221104739e-02,4.222815902717975134e-01
1.442627477645874023e+02,-5.997939412956836136e-02,-2.278014654664723207e-02,4.192941099889225254e-01
1.444004330635070801e+02,-6.139018236077188606e-02,-1.676862809521265096e-02,4.171090434332199171e-01
1.444928631782531738e+02,-6.838503426485235959e-02,-4.075466159815876316e-02,4.136899324339630146e-01
1.445760593414306641e+02,-8.605070696652768192e-02,-8.587523738308522336e-02,4.094679290874149169e-01
1.446565575599670410e+02,-8.240953259487993066e-02,-1.244305727425636665e-01,4.004507466784943959e-01
1.447772586345672607e+02,-5.480292564698962393e-02,-1.464828497742855229e-01,4.003467167361804968e-01
1.448151185512542725e+02,-3.153267269085348323e-02,-1.224655669380746853e-01,3.987968513257106884e-01
1.449051978588104248e+02,-9.429168517643282330e-03,-9.435076095636134308e-02,4.098465040252501357e-01
1.449819297790527344e+02,-1.032097341714086937e-02,-8.353924241770052661e-02,4.229181359868839918e-01
1.450703284740447998e+02,-2.519410926992564706e-02,-7.610432988123455589e-02,4.263151706474261893e-01
1.451523764133453369e+02,-3.884212917626241740e-02,-7.166386805123393933e-02,4.261107168812475199e-01
1.452079246044158936e+02,-4.774508110324477556e-02,-7.258608344316105909e-02,4.256003611133024611e-01
1.454828279018402100e+02,-5.305688596289647591e-02,-7.251639350096164560e-02,4.224699968282513152e-01
1.456012580394744873e+02,-5.364461700965423435e-02,-7.064626506410832951e-02,4.232194242045296817e-01
1.457067003250122070e+02,-5.118018915321440043e-02,-6.326359779025174379e-02,4.272904767140864868e-01
1.457790148258209229e+02,-4.488474919105675531e-02,-6.183966171436751369e-02,4.296069478742358672e-01
1.458809528350830078e+02,-4.321541201064593024e-02,-6.330356127224130713e-02,4.325044045529472525e-01
1.459286768436431885e+02,-4.196753870819459886e-02,-6.400037915108684750e-02,4.340383827461122834e-01
1.460634834766387939e+02,-3.836865656443044781e-02,-6.141289437973360826e-02,4.372403455245889026e-01
1.461800189018249512e+02,-3.729511073860741072e-02,-6.134323633696599221e-02,4.423475555599097886e-01
1.462805161476135254e+02,-4.299853057111099192e-02,-5.379719893154021049e-02,4.468402084731944446e-01
1.463854105472564697e+02,-5.221380415338707642e-02,-4.977748475926000588e-02,4.492873982089622964e-01
1.464690346717834473e+02,-5.076294729313232668e-02,-4.975595346436326172e-02,4.498459647598169742e-01
1.465233433246612549e+02,-3.305074583305267488e-02,-6.744420498815746623e-02,4.514101337722012386e-01
1.466055300235748291e+02,-3.172940938709108843e-02,-8.882850801482052028e-02,4.555238584469397667e-01
1.467644443511962891e+02,-5.030970387361048679e-02,-9.069008903371367225e-02,4.500147015763715230e-01
1.468710243701934814e+02,-7.459093805419218792e-02,-8.083950137854410689e-02,4.475128711193732123e-01
1.469149057865142822e+02,-8.084953499395856891e-02,-7.160708060363810135e-02,4.462797373958610758e-01
1.470787894725799561e+02,-7.258687008210717995e-02,-8.151782216441381956e-02,4.470883350663472089e-01
1.471651165485382080e+02,-7.218436019961962935e-02,-9.120880807467597606e-02,4.514074771773568528e-01
1.472672600746154785e+02,-8.097575347318318462e-02,-9.121586186407569519e-02,4.478696111139182645e-01
1.473609130382537842e+02,-9.144840060172824969e-02,-7.602641480364169535e-02,4.442554766840778324e-01
1.474195704460144043e+02,-8.845611382130956490e-02,-6.316284822279485955e-02,4.417115277018940356e-01
1.474953112602233887e+02,-8.890549844404371793e-02,-6.122782866548492908e-02,4.419455624052522347e-01
1.476672544479370117e+02,-8.630785464344604974e-02,-5.556311270346157849e-02,4.451233397929580393e-01
1.477511725425720215e+02,-9.023036592230235242e-02,-6.048079047068386643e-02,4.447638463222061134e-01
1.478631260395050049e+02,-8.907983452701441485e-02,-6.202290036771215126e-02,4.291929787191217649e-01
1.479579839706420898e+02,-6.540569496600957822e-02,-9.956072907107181569e-02,4.313175170797763913e-01
1.480088388919830322e+02,-4.110254997658291387e-02,-1.145551141667792983e-01,4.303086104997674854e-01
1.481177253723144531e+02,-1.175944337651979414e-02,-8.374094545336929762e-02,4.234852607848277328e-01
1.482026200294494629e+02,6.407461864436935807e-03,-7.301321072053128247e-02,4.409029856231605482e-01
1.483858318328857422e+02,-1.321858027920322885e-02,-6.926423335275137816e-02,4.415829766963374481e-01
1.485071940422058105e+02,-3.849760102199641792e-02,-6.075382933176286249e-02,4.416190391023081530e-01
1.486167435646057129e+02,-4.687784910962068674e-02,-5.223757696196974082e-02,4.386854261056384319e-01
1.487451262474060059e+02,-4.578919009903426041e-02,-5.186165648511657789e-02,4.378435680216948289e-01
1.488072144985198975e+02,-3.664044105072190860e-02,-5.922889137569149060e-02,4.291319320406445925e-01
1.488986585140228271e+02,-1.568939059668915392e-02,-9.088669518979577977e-02,4.298879482705530441e-01
1.489725677967071533e+02,-7.133894097879578573e-03,-1.120551979118721286e-01,4.308818830535702249e-01
1.490505642890930176e+02,-1.374461593704193532e-02,-1.094486792876230297e-01,4.304759737018394317e-01
1.491605637073516846e+02,-4.847598125558383320e-02,-9.514053969294104796e-02,4.218815842972147845e-01
1.492217223644256592e+02,-8.301151751838412030e-02,-7.753023924880217410e-02,4.198160867866023716e-01
1.492939178943634033e+02,-9.321673535290360413e-02,-5.943456937120464301e-02,4.178255559057152957e-01
1.494075880050659180e+02,-8.214076882071966179e-02,-4.951094738017079028e-02,4.117101993463210818e-01
1.495140893459320068e+02,-7.251936973371622686e-02,-4.420662860122435284e-02,4.162449918697744833e-01
1.495651268959045410e+02,-7.288481576391324379e-02,-4.913800351916074172e-02,4.176582093349680003e-01
1.496566927433013916e+02,-7.451965128452030240e-02,-6.015222091997148024e-02,4.175080315186788793e-01
1.497625610828399658e+02,-7.280591927828199139e-02,-6.542435654643281862e-02,4.176183462317663575e-01
1.499508626461029053e+02,-7.200336425613415581e-02,-6.816601972264810239e-02,4.171779850726232697e-01
1.500229289531707764e+02,-6.817604808330922361e-02,-7.336452943146465344e-02,4.179339852774456854e-01
1.501008937358856201e+02,-6.817630282902333028e-02,-8.200455798722036671e-02,4.203900301258317040e-01
1.502929165363311768e+02,-7.386717051249924726e-02,-9.139160087734031490e-02,4.165854162093609037e-01
1.503734843730926514e+02,-6.839355092018621629e-02,-9.601315276332601789e-02,4.142545843573898212e-01
1.504691631793975830e+02,-6.509520322635316270e-02,-9.928926046642501391e-02,4.159156515164351142e-01
1.505753967761993408e+02,-6.324523254492170343e-02,-1.008781886569474068e-01,4.129482076927756262e-01
1.506845111846923828e+02,-5.493776977847412979e-02,-9.763067185383678126e-02,4.114925237725942653e-01
1.507588553428649902e+02,-4.659111599509678514e-02,-9.212113873588291535e-02,4.130634917091994263e-01
1.508445396423339844e+02,-4.457089567711769451e-02,-8.925138948824845597e-02,4.125534968806529590e-01
1.509124176502227783e+02,-4.564268888867922813e-02,-8.803528755188951005e-02,4.108392267458594871e-01
1.510035293102264404e+02,-4.654919171687441765e-02,-8.494006589729496959e-02,4.082912239143773880e-01
1.510962595939636230e+02,-4.416575638642021573e-02,-8.833897621487571405e-02,4.015238945714988406e-01
1.511796159744262695e+02,-3.673798997641465613e-02,-8.979031515828531096e-02,3.931286958614929605e-01
1.512928233146667480e+02,-3.226954295763238140e-02,-9.007045487440275278e-02,3.864495587255744047e-01
1.514764473438262939e+02,-3.256398628548522883e-02,-9.148315816631925890e-02,3.802196217626488961e-01
1.515363979339599609e+02,-2.908315747976842822e-02,-8.976140239030190593e-02,3.721499550358022823e-01
1.516143331527709961e+02,-1.245341382777640817e-02,-7.878216934483599221e-02,3.577073045221121350e-01
1.516837737560272217e+02,5.163631157736232186e-03,-6.319083119570777229e-02,3.461881343797382216e-01
1.517252497673034668e+02,7.477557418513345634e-03,-5.584045394372758042e-02,3.294016244233248791e-01
1.518064801692962646e+02,2.812900100628040745e-03,-5.061603385923275217e-02,3.157778239808941567e-01
1.520996267795562744e+02,1.805628938669375178e-03,-4.462502095355531245e-02,3.077638603724963673e-01
1.521477401256561279e+02,6.140161008669239688e-03,-3.096432681329583034e-02,3.106383197066345248e-01
1.521874592304229736e+02,5.675420712888903756e-03,-1.650389697779322540e-02,3.244125109794887551e-01
1.522575330734252930e+02,-5.233614574025081088e-03,-6.295064321332403783e-03,3.448411550389396951e-01
1.524819359779357910e+02,-1.902649432034904040e-02,-2.916035714228378244e-03,3.669755111052034890e-01
1.525655808448791504e+02,-2.633548495375572646e-02,-1.108537196464346071e-02,3.902204621767068060e-01
1.526652364730834961e+02,-2.932040701619403889e-02,-3.023392743870307112e-02,4.156756312975345979e-01
1.527466166019439697e+02,-3.045312848593171445e-02,-4.405157696312540783e-02,4.372773646848895357e-01
1.528286504745483398e+02,-2.380097429641875317e-02,-3.877869987678687208e-02,4.596054554611481713e-01
1.529135491847991943e+02,-2.209732523371120763e-02,-3.365551330973641508e-02,4.807386405311028232e-01
1.529916524887084961e+02,-2.382169217943277961e-02,-3.271188544088869665e-02,4.966224942982286339e-01
1.530490126609802246e+02,-1.781178144497854929e-02,-2.578179067942103914e-02,5.055453721349586482e-01
1.531488175392150879e+02,-1.331645321905117370e-02,-1.816389422915801535e-02,5.093692559051729019e-01
1.532611515522003174e+02,-8.991116637756573632e-03,-1.576795703908693766e-02,5.022494083240518492e-01
1.533260519504547119e+02,-7.754898513112239850e-03,-9.527535176323213145e-03,4.784944374986975224e-01
1.534203460216522217e+02,-1.130904685401611272e-02,3.091586707780186790e-03,4.351062030496029021e-01
1.535146889686584473e+02,-2.121481397784889811e-02,4.350045466652388906e-03,3.776610058492954058e-01
1.537981016635894775e+02,-2.055604469258959580e-02,-5.042102319384286942e-03,3.104274517004390610e-01
1.539009108543395996e+02,-1.986852489327170859e-02,-2.414402858870418056e-02,2.395945137423906579e-01
